chrom	chromStart	chromEnd	probeID	probe_strand
chr1	1007070	1007072	cg17006413	+
chr1	1040846	1040848	cg26222311	+
chr1	1093497	1093499	cg06181703	-
chr1	1144180	1144182	cg24158844	-
chr1	1163611	1163613	cg00207921	+
chr1	1163670	1163672	cg20544808	+
chr1	1163785	1163787	cg18792131	+
chr1	1164249	1164251	cg08474826	-
chr1	1174105	1174107	cg10143960	+
chr1	1540263	1540265	cg22497741	+
chr1	2075216	2075218	cg14171824	+
chr1	2193682	2193684	cg11503104	+
chr1	2291234	2291236	cg08271229	-
chr1	2418757	2418759	cg20826345	+
chr1	2428578	2428580	cg22502001	-
chr1	2475293	2475295	cg20066001	-
chr1	2494448	2494450	cg08655953	+
chr1	2592667	2592669	cg18932078	-
chr1	2822957	2822959	cg26532664	-
chr1	2866401	2866403	cg07906828	-
chr1	2866534	2866536	cg22798223	+
chr1	3141245	3141247	cg00049709	+
chr1	3213920	3213922	cg04988794	+
chr1	3213985	3213987	cg25372239	-
chr1	3272523	3272525	cg13434489	-
chr1	3293345	3293347	cg14659814	-
chr1	3380597	3380599	cg26537941	-
chr1	3434541	3434543	cg22608265	+
chr1	3465672	3465674	cg11587191	+
chr1	3624873	3624875	cg06188019	+
chr1	4656493	4656495	cg24019371	-
chr1	6111727	6111729	cg20773915	-
chr1	6205818	6205820	cg12911256	-
chr1	6273441	6273443	cg26250989	+
chr1	6579677	6579679	cg19508900	+
chr1	8370684	8370686	cg13081009	-
chr1	8903890	8903892	cg10207928	+
chr1	9122111	9122113	cg20284891	-
chr1	10779444	10779446	cg26689934	+
chr1	10779516	10779518	cg25463742	-
chr1	11134620	11134622	cg11750962	-
chr1	11802849	11802851	cg17514528	-
chr1	15066355	15066357	cg16822407	-
chr1	15201020	15201022	cg06869505	-
chr1	15683986	15683988	cg03006225	+
chr1	15876373	15876375	cg23216498	+
chr1	16440689	16440691	cg18194393	+
chr1	18279879	18279881	cg15081740	+
chr1	18632859	18632861	cg00855990	-
chr1	19287934	19287936	cg07037032	-
chr1	19815284	19815286	cg23214395	+
chr1	20473305	20473307	cg06897478	+
chr1	20696579	20696581	cg04423622	-
chr1	21550828	21550830	cg22943875	+
chr1	21551085	21551087	cg06346857	-
chr1	21551098	21551100	cg22506534	-
chr1	22598995	22598997	cg22493620	+
chr1	23868607	23868609	cg15692032	+
chr1	25429443	25429445	cg13795696	-
chr1	26862948	26862950	cg06720467	+
chr1	26863187	26863189	cg13466284	-
chr1	27322068	27322070	cg03347170	+
chr1	30756721	30756723	cg19919590	+
chr1	31517618	31517620	cg00525833	+
chr1	32321887	32321889	cg18857467	-
chr1	35524371	35524373	cg09874415	+
chr1	35577750	35577752	cg12038696	+
chr1	35578031	35578033	cg08424184	+
chr1	36982263	36982265	cg11836212	+
chr1	37308301	37308303	cg02902637	+
chr1	38051599	38051601	cg24453438	+
chr1	39255643	39255645	cg06115679	+
chr1	39877738	39877740	cg16312870	-
chr1	40653097	40653099	cg13247117	-
chr1	41484565	41484567	cg20367961	+
chr1	41484653	41484655	cg27238470	-
chr1	41918718	41918720	cg26038582	+
chr1	42662250	42662252	cg06872673	+
chr1	42936919	42936921	cg05942022	-
chr1	43285691	43285693	cg12752420	+
chr1	43285698	43285700	cg00500789	+
chr1	43285704	43285706	cg23800435	+
chr1	43285797	43285799	cg09462269	+
chr1	43285825	43285827	cg24464789	+
chr1	43285832	43285834	cg02990330	-
chr1	45336179	45336181	cg20701461	+
chr1	46394587	46394589	cg01134183	+
chr1	46612007	46612009	cg17946439	-
chr1	47445170	47445172	cg06829686	-
chr1	47593500	47593502	cg25137711	+
chr1	50421247	50421249	cg04455430	-
chr1	58575734	58575736	cg21536783	+
chr1	62195188	62195190	cg03731268	+
chr1	63327023	63327025	cg13906377	+
chr1	66533904	66533906	cg27558095	+
chr1	66752481	66752483	cg25339566	+
chr1	74467872	74467874	cg21273112	-
chr1	78237895	78237897	cg11842367	-
chr1	84299221	84299223	cg02041547	-
chr1	85047273	85047275	cg02345146	-
chr1	85201549	85201551	cg14090374	-
chr1	85629141	85629143	cg20960181	+
chr1	86105441	86105443	cg07589824	-
chr1	87151666	87151668	cg02083836	+
chr1	89844438	89844440	cg11839020	-
chr1	90719864	90719866	cg24884703	+
chr1	90834657	90834659	cg16400631	+
chr1	92785626	92785628	cg24312719	-
chr1	94821570	94821572	cg14981637	-
chr1	95318309	95318311	cg19602694	+
chr1	99750180	99750182	cg17222434	-
chr1	103108975	103108977	cg00172849	-
chr1	103525498	103525500	cg00860370	+
chr1	110069200	110069202	cg10023272	+
chr1	111200745	111200747	cg00619207	-
chr1	111200788	111200790	cg19268695	-
chr1	111200914	111200916	cg23631538	+
chr1	112723086	112723088	cg16255156	-
chr1	113871717	113871719	cg14385738	+
chr1	114581353	114581355	cg12792894	+
chr1	117605789	117605791	cg11730925	+
chr1	151720745	151720747	cg24158160	+
chr1	152795790	152795792	cg01406203	+
chr1	153113172	153113174	cg03449150	+
chr1	153526482	153526484	cg20449670	-
chr1	153775209	153775211	cg16247817	+
chr1	153986320	153986322	cg26008365	+
chr1	154155564	154155566	cg19757176	+
chr1	154272708	154272710	cg17572791	+
chr1	154321017	154321019	cg06181069	-
chr1	155008266	155008268	cg17329534	+
chr1	155536264	155536266	cg08005692	+
chr1	156061017	156061019	cg15896939	+
chr1	156291408	156291410	cg06497051	+
chr1	156601032	156601034	cg14277848	-
chr1	158331247	158331249	cg04574507	-
chr1	159314507	159314509	cg13507224	-
chr1	159439416	159439418	cg15700197	-
chr1	161089476	161089478	cg10841756	-
chr1	161089638	161089640	cg16557111	+
chr1	161089667	161089669	cg14158583	+
chr1	166603478	166603480	cg24272559	-
chr1	167121408	167121410	cg17104258	+
chr1	168468791	168468793	cg14258329	-
chr1	169102867	169102869	cg24897392	-
chr1	169484311	169484313	cg16548605	+
chr1	170662189	170662191	cg09408098	+
chr1	171137257	171137259	cg06041466	+
chr1	172659373	172659375	cg15729230	-
chr1	177353741	177353743	cg05160879	-
chr1	177970089	177970091	cg24974611	+
chr1	178061120	178061122	cg11691825	+
chr1	178871001	178871003	cg07044282	-
chr1	197908655	197908657	cg14653136	-
chr1	203673955	203673957	cg22367549	+
chr1	204562638	204562640	cg00827973	+
chr1	206675043	206675045	cg10336193	+
chr1	206967581	206967583	cg21115691	-
chr1	207751136	207751138	cg04290171	+
chr1	207866857	207866859	cg00085493	+
chr1	208271244	208271246	cg23843022	-
chr1	209769785	209769787	cg17518842	-
chr1	209805765	209805767	cg16030177	+
chr1	212667914	212667916	cg24486958	-
chr1	212791095	212791097	cg21106461	+
chr1	226974425	226974427	cg03612357	+
chr1	227728363	227728365	cg13906236	+
chr1	228174607	228174609	cg24846680	-
chr1	228371381	228371383	cg16397638	-
chr1	228371388	228371390	cg03224650	-
chr1	229093764	229093766	cg13239713	+
chr1	247605948	247605950	cg15231462	+
chr1	248203096	248203098	cg05353872	+
chr2	468329	468331	cg20754261	-
chr2	568320	568322	cg06640593	+
chr2	662886	662888	cg09478095	-
chr2	1496344	1496346	cg05678658	+
chr2	2027197	2027199	cg07910488	+
chr2	2577512	2577514	cg20506745	+
chr2	2577550	2577552	cg05092362	+
chr2	5482022	5482024	cg22495968	+
chr2	5691080	5691082	cg07065111	+
chr2	7031965	7031967	cg13464573	-
chr2	7032165	7032167	cg19240637	+
chr2	10042750	10042752	cg26276650	+
chr2	10810605	10810607	cg20821314	-
chr2	11347828	11347830	cg07622575	+
chr2	11656890	11656892	cg19311448	+
chr2	19356304	19356306	cg22478121	+
chr2	25251025	25251027	cg15843262	-
chr2	25277546	25277548	cg08493294	-
chr2	25822374	25822376	cg23780110	-
chr2	25878478	25878480	cg19084174	+
chr2	26456524	26456526	cg13971866	+
chr2	31414982	31414984	cg09842053	+
chr2	32277271	32277273	cg23975053	-
chr2	37080882	37080884	cg18637383	-
chr2	38074612	38074614	cg09799983	+
chr2	38374991	38374993	cg03269757	+
chr2	42102511	42102513	cg15001131	-
chr2	42975333	42975335	cg04011671	+
chr2	43227396	43227398	cg07119260	+
chr2	44932953	44932955	cg23325963	+
chr2	45822036	45822038	cg06398242	+
chr2	46699050	46699052	cg13094219	-
chr2	55050739	55050741	cg00209424	+
chr2	61886063	61886065	cg02183531	+
chr2	63054003	63054005	cg25622366	-
chr2	63054247	63054249	cg03655683	-
chr2	63055566	63055568	cg04654530	-
chr2	63055877	63055879	cg07974511	-
chr2	63056831	63056833	cg21472506	-
chr2	63056930	63056932	cg23229261	-
chr2	63056996	63056998	cg10122865	-
chr2	63058229	63058231	cg05092308	-
chr2	63058603	63058605	cg18947951	-
chr2	63058814	63058816	cg27315333	+
chr2	63437937	63437939	cg07263509	-
chr2	64542982	64542984	cg14043752	-
chr2	64606971	64606973	cg02598079	+
chr2	64607145	64607147	cg26575450	+
chr2	66446183	66446185	cg06833110	+
chr2	66580785	66580787	cg18675617	+
chr2	69741281	69741283	cg13355704	+
chr2	69782068	69782070	cg08792812	-
chr2	71071789	71071791	cg18991240	+
chr2	71596353	71596355	cg12245706	+
chr2	72924327	72924329	cg10136354	-
chr2	73983729	73983731	cg02251243	+
chr2	73983832	73983834	cg05981785	-
chr2	73987534	73987536	cg00551609	+
chr2	74442259	74442261	cg26090072	-
chr2	74648259	74648261	cg02611848	-
chr2	85516810	85516812	cg04213390	-
chr2	86790295	86790297	cg00916536	+
chr2	95274362	95274364	cg09664492	+
chr2	95274726	95274728	cg25241038	-
chr2	99559241	99559243	cg18261069	+
chr2	101113842	101113844	cg23907051	-
chr2	101150123	101150125	cg00534380	+
chr2	104842705	104842707	cg08189989	-
chr2	104854793	104854795	cg25549459	-
chr2	104868049	104868051	cg22928386	-
chr2	105359015	105359017	cg00331135	+
chr2	106145216	106145218	cg22374742	-
chr2	110115816	110115818	cg04397433	-
chr2	110675550	110675552	cg23198623	-
chr2	119678372	119678374	cg12108912	+
chr2	124025008	124025010	cg18582824	+
chr2	126657306	126657308	cg24772388	-
chr2	127197579	127197581	cg24923516	-
chr2	127197610	127197612	cg08022717	+
chr2	127608938	127608940	cg22903402	-
chr2	127858592	127858594	cg10243004	+
chr2	128318817	128318819	cg17032602	-
chr2	130916197	130916199	cg09015973	+
chr2	130916389	130916391	cg00401745	+
chr2	130964733	130964735	cg10004780	+
chr2	138779560	138779562	cg00697992	-
chr2	160200088	160200090	cg07896068	+
chr2	160200127	160200129	cg18437633	+
chr2	160270289	160270291	cg22609984	+
chr2	161235419	161235421	cg19311431	+
chr2	165793103	165793105	cg02345886	-
chr2	169694370	169694372	cg08266945	+
chr2	170716712	170716714	cg07813142	-
chr2	170820298	170820300	cg01089319	-
chr2	172108111	172108113	cg20935165	+
chr2	172197129	172197131	cg16444607	-
chr2	172465567	172465569	cg06262280	+
chr2	172985521	172985523	cg00864666	-
chr2	173044164	173044166	cg02321620	-
chr2	174013384	174013386	cg24522254	-
chr2	174336701	174336703	cg00582316	-
chr2	174485892	174485894	cg25586410	+
chr2	175181456	175181458	cg16884400	+
chr2	176072079	176072081	cg17835961	-
chr2	176146255	176146257	cg01473155	-
chr2	177252262	177252264	cg27507284	-
chr2	178404504	178404506	cg20587874	-
chr2	183124378	183124380	cg24459529	+
chr2	197199056	197199058	cg13941760	+
chr2	197255800	197255802	cg22837714	+
chr2	197515580	197515582	cg03023437	+
chr2	197786155	197786157	cg03774803	+
chr2	197786851	197786853	cg16002818	+
chr2	199461997	199461999	cg20785796	+
chr2	199462001	199462003	cg23994043	+
chr2	199470834	199470836	cg10168149	-
chr2	199799065	199799067	cg24914185	+
chr2	201698863	201698865	cg20169521	+
chr2	207679786	207679788	cg04090028	+
chr2	207770912	207770914	cg05365735	-
chr2	207770998	207771000	cg18866599	+
chr2	207771217	207771219	cg13278353	+
chr2	207931134	207931136	cg25029529	-
chr2	216006510	216006512	cg10820936	-
chr2	216369680	216369682	cg03431727	-
chr2	217978505	217978507	cg01089914	-
chr2	218034889	218034891	cg12909337	+
chr2	218166916	218166918	cg20025658	-
chr2	218975626	218975628	cg10930290	-
chr2	218992166	218992168	cg07804276	+
chr2	227460220	227460222	cg19308375	+
chr2	230850246	230850248	cg08917299	+
chr2	231365546	231365548	cg01385669	+
chr2	231680669	231680671	cg12462224	-
chr2	231892369	231892371	cg25883149	-
chr2	233387995	233387997	cg02442900	+
chr2	233868431	233868433	cg03146452	-
chr2	235027749	235027751	cg24995678	+
chr2	238523581	238523583	cg23725149	+
chr2	239247331	239247333	cg03585053	+
chr2	239247464	239247466	cg19324997	+
chr2	239247583	239247585	cg26495711	+
chr2	240906887	240906889	cg21187597	+
chr2	241112321	241112323	cg13797673	-
chr2	241560126	241560128	cg11274940	-
chr2	241763137	241763139	cg06022561	+
chr2	242031944	242031946	cg12526997	-
chr3	196931	196933	cg07746943	-
chr3	4983125	4983127	cg26344982	+
chr3	10164852	10164854	cg18007850	-
chr3	10286210	10286212	cg00856825	+
chr3	13282631	13282633	cg20168412	-
chr3	15099291	15099293	cg02308954	+
chr3	16511991	16511993	cg00259834	-
chr3	16884214	16884216	cg15863826	+
chr3	23743424	23743426	cg09023624	+
chr3	31625648	31625650	cg20103222	-
chr3	33659716	33659718	cg00744866	-
chr3	36176881	36176883	cg07047731	-
chr3	42130604	42130606	cg17546376	-
chr3	42906278	42906280	cg01357292	+
chr3	46407087	46407089	cg19850333	+
chr3	46987984	46987986	cg26339924	-
chr3	47150332	47150334	cg20788199	-
chr3	49719137	49719139	cg15078681	+
chr3	50341097	50341099	cg06172942	-
chr3	50607674	50607676	cg21585138	+
chr3	51671068	51671070	cg00127545	+
chr3	52054236	52054238	cg27518993	-
chr3	52198004	52198006	cg26786147	-
chr3	52373327	52373329	cg06637517	+
chr3	53130602	53130604	cg00115629	+
chr3	55482682	55482684	cg26554505	-
chr3	57959967	57959969	cg24033633	+
chr3	61637624	61637626	cg11934688	+
chr3	61904137	61904139	cg27179041	+
chr3	66393697	66393699	cg00225902	-
chr3	68008178	68008180	cg21186449	-
chr3	71066562	71066564	cg20891481	-
chr3	72892320	72892322	cg06781948	+
chr3	73547053	73547055	cg17804071	+
chr3	88150005	88150007	cg12871990	+
chr3	99910992	99910994	cg06077670	+
chr3	102163481	102163483	cg24627325	-
chr3	105998188	105998190	cg13155421	+
chr3	111732622	111732624	cg01303385	+
chr3	112133379	112133381	cg06510261	-
chr3	117854218	117854220	cg23033158	-
chr3	119322537	119322539	cg11099041	+
chr3	119809808	119809810	cg12702981	+
chr3	120682247	120682249	cg14527029	+
chr3	120909696	120909698	cg04135498	-
chr3	122577587	122577589	cg22821981	+
chr3	123799787	123799789	cg05996671	-
chr3	124780805	124780807	cg06786219	-
chr3	125141841	125141843	cg26107890	+
chr3	125936563	125936565	cg07473553	-
chr3	126911634	126911636	cg18670236	-
chr3	126960355	126960357	cg11629955	-
chr3	127776008	127776010	cg18274619	+
chr3	128076550	128076552	cg13719885	+
chr3	129974526	129974528	cg18862481	-
chr3	134237671	134237673	cg16943019	+
chr3	137642683	137642685	cg03290530	-
chr3	138174864	138174866	cg25188949	-
chr3	147380780	147380782	cg12836959	+
chr3	147393872	147393874	cg03900143	-
chr3	147409874	147409876	cg04738965	+
chr3	147423826	147423828	cg26123605	-
chr3	149370600	149370602	cg02857726	+
chr3	149969214	149969216	cg01070987	+
chr3	153221771	153221773	cg21502476	-
chr3	154122164	154122166	cg17338501	-
chr3	154122928	154122930	cg02582963	-
chr3	156812716	156812718	cg08651937	-
chr3	156812868	156812870	cg25738116	+
chr3	158103617	158103619	cg12993163	-
chr3	161421053	161421055	cg25232786	-
chr3	165196682	165196684	cg14717170	+
chr3	170871025	170871027	cg09824721	-
chr3	172378232	172378234	cg08545312	+
chr3	174200046	174200048	cg19510409	+
chr3	181723595	181723597	cg17894318	-
chr3	181724924	181724926	cg11362010	+
chr3	181839097	181839099	cg21903684	+
chr3	181915912	181915914	cg12222244	-
chr3	183254836	183254838	cg26215406	+
chr3	184381307	184381309	cg06387842	+
chr3	186104231	186104233	cg06518884	+
chr3	187063994	187063996	cg22593953	-
chr3	187853387	187853389	cg19149264	+
chr3	188349542	188349544	cg04952622	+
chr3	194269861	194269863	cg02523270	-
chr3	194487711	194487713	cg27290624	+
chr3	195133612	195133614	cg11796219	-
chr3	195147777	195147779	cg24618514	+
chr3	196274834	196274836	cg23828876	+
chr3	196338697	196338699	cg05445326	-
chr3	197520879	197520881	cg19798702	+
chr3	197773987	197773989	cg03653856	+
chr4	763596	763598	cg13956645	+
chr4	993772	993774	cg04648402	-
chr4	1045765	1045767	cg25428177	+
chr4	1202056	1202058	cg23543318	-
chr4	1502814	1502816	cg19341849	-
chr4	2064592	2064594	cg07795964	-
chr4	4871535	4871537	cg06966113	-
chr4	6033100	6033102	cg17430979	+
chr4	7766629	7766631	cg06158627	-
chr4	8108518	8108520	cg26979974	-
chr4	13529323	13529325	cg18030960	-
chr4	13529451	13529453	cg18120446	+
chr4	13530997	13530999	cg06635722	-
chr4	13542676	13542678	cg15137566	-
chr4	14856665	14856667	cg17694130	-
chr4	15702975	15702977	cg18645906	-
chr4	15703171	15703173	cg13528854	-
chr4	16860456	16860458	cg16581308	+
chr4	22693043	22693045	cg25080182	+
chr4	24800717	24800719	cg13096007	-
chr4	25655207	25655209	cg09157302	+
chr4	26238879	26238881	cg25503169	-
chr4	37648705	37648707	cg05679403	+
chr4	40630842	40630844	cg08949974	-
chr4	40751229	40751231	cg07657463	+
chr4	41214461	41214463	cg08424587	-
chr4	41880145	41880147	cg24722073	-
chr4	41880562	41880564	cg04384626	-
chr4	66736967	66736969	cg24255032	-
chr4	76899237	76899239	cg01751800	+
chr4	80198043	80198045	cg18073471	-
chr4	84481716	84481718	cg06065125	-
chr4	85929567	85929569	cg13485533	-
chr4	87071956	87071958	cg27000934	-
chr4	93832251	93832253	cg04643145	+
chr4	93832279	93832281	cg03459073	-
chr4	99816672	99816674	cg14506696	+
chr4	99880454	99880456	cg05202483	+
chr4	110612726	110612728	cg11930400	-
chr4	110619500	110619502	cg10055501	-
chr4	113117297	113117299	cg27028281	+
chr4	113978893	113978895	cg18378811	-
chr4	117576098	117576100	cg08766283	-
chr4	119027386	119027388	cg13042918	-
chr4	121263085	121263087	cg09730689	-
chr4	122921869	122921871	cg05417950	-
chr4	123547374	123547376	cg26166817	+
chr4	123547380	123547382	cg14327759	-
chr4	123547684	123547686	cg18085683	+
chr4	123650229	123650231	cg18257996	-
chr4	125317773	125317775	cg04373334	-
chr4	139279365	139279367	cg00208504	+
chr4	140641899	140641901	cg21434376	-
chr4	143185012	143185014	cg11811743	-
chr4	146638270	146638272	cg19597382	+
chr4	146638426	146638428	cg13262687	+
chr4	147478714	147478716	cg24641427	+
chr4	147731282	147731284	cg11713658	+
chr4	153152327	153152329	cg01022974	+
chr4	153204528	153204530	cg02616418	+
chr4	153204567	153204569	cg17852507	+
chr4	153448124	153448126	cg07229402	+
chr4	153488792	153488794	cg09573843	+
chr4	153488853	153488855	cg03814093	-
chr4	153789276	153789278	cg10942078	-
chr4	154333449	154333451	cg14780132	-
chr4	154742536	154742538	cg23587449	+
chr4	154742683	154742685	cg23676439	+
chr4	158170936	158170938	cg00547103	-
chr4	158783140	158783142	cg18095824	-
chr4	164956938	164956940	cg00393585	+
chr4	171812879	171812881	cg05678100	-
chr4	184805627	184805629	cg11168687	-
chr4	185504542	185504544	cg25999637	-
chr4	185504599	185504601	cg05002406	-
chr4	185638928	185638930	cg14516100	+
chr4	185639205	185639207	cg24132991	-
chr5	554770	554772	cg01221209	+
chr5	601424	601426	cg08834128	-
chr5	1744229	1744231	cg02047286	+
chr5	2634048	2634050	cg11595635	+
chr5	2755261	2755263	cg23248357	+
chr5	4143100	4143102	cg22083633	+
chr5	5146206	5146208	cg06434454	+
chr5	9498668	9498670	cg05883978	-
chr5	10306834	10306836	cg23284609	+
chr5	17219826	17219828	cg16380885	+
chr5	17436605	17436607	cg00308914	-
chr5	55222916	55222918	cg26251325	-
chr5	55231842	55231844	cg16664394	-
chr5	59092916	59092918	cg16377679	+
chr5	60488375	60488377	cg05141014	-
chr5	63903790	63903792	cg04641695	+
chr5	65886426	65886428	cg04700055	-
chr5	69414990	69414992	cg05901765	+
chr5	69415084	69415086	cg12687157	-
chr5	69415691	69415693	cg16419724	-
chr5	72956967	72956969	cg19725489	-
chr5	77211274	77211276	cg13554086	+
chr5	78010477	78010479	cg05606089	+
chr5	79111742	79111744	cg23987322	-
chr5	79991073	79991075	cg21781828	-
chr5	88667773	88667775	cg19856728	+
chr5	90410197	90410199	cg22621982	-
chr5	93583122	93583124	cg16556111	-
chr5	102866185	102866187	cg10640944	-
chr5	111070715	111070717	cg25328184	+
chr5	112329850	112329852	cg15536663	-
chr5	125026292	125026294	cg17883449	-
chr5	128537703	128537705	cg12940822	+
chr5	132225669	132225671	cg17861653	-
chr5	134177819	134177821	cg16653901	+
chr5	138139215	138139217	cg09047573	+
chr5	138725658	138725660	cg16482761	-
chr5	139276076	139276078	cg23205886	-
chr5	140882111	140882113	cg01202150	+
chr5	141172386	141172388	cg21038220	-
chr5	141215436	141215438	cg13882309	+
chr5	141245668	141245670	cg10757144	+
chr5	141373847	141373849	cg09066326	-
chr5	141512740	141512742	cg05494467	+
chr5	148335448	148335450	cg07924644	+
chr5	150209423	150209425	cg22459052	+
chr5	151686898	151686900	cg08331313	+
chr5	153813282	153813284	cg20668321	-
chr5	154472993	154472995	cg00624617	-
chr5	154691597	154691599	cg11262850	-
chr5	154712760	154712762	cg02639667	-
chr5	156380602	156380604	cg13357714	-
chr5	161858313	161858315	cg21757820	+
chr5	168409828	168409830	cg05941376	-
chr5	169003200	169003202	cg14958756	+
chr5	169717433	169717435	cg04730794	+
chr5	169810368	169810370	cg04851471	-
chr5	170105716	170105718	cg11552829	+
chr5	171313668	171313670	cg06008926	-
chr5	171630067	171630069	cg02320083	-
chr5	173035622	173035624	cg04685228	-
chr5	174045062	174045064	cg19414040	-
chr5	174732290	174732292	cg21545862	+
chr5	177363177	177363179	cg23417203	-
chr5	177985716	177985718	cg16375290	+
chr5	179376205	179376207	cg18866586	+
chr5	179793793	179793795	cg09629657	+
chr5	180740964	180740966	cg18482656	+
chr5	180804083	180804085	cg04212021	-
chr5	180804154	180804156	cg00514575	-
chr6	3160312	3160314	cg21136544	-
chr6	5174412	5174414	cg13962347	-
chr6	7532432	7532434	cg19883472	-
chr6	10060704	10060706	cg27631817	-
chr6	10382566	10382568	cg09602288	+
chr6	10382850	10382852	cg25319067	+
chr6	10388088	10388090	cg09862148	+
chr6	10390577	10390579	cg11811610	-
chr6	10390727	10390729	cg19607165	+
chr6	10393544	10393546	cg05639246	+
chr6	10420462	10420464	cg17557766	+
chr6	11607689	11607691	cg20615910	-
chr6	12701640	12701642	cg04592560	-
chr6	13172935	13172937	cg11615758	-
chr6	13407925	13407927	cg26942829	-
chr6	13428424	13428426	cg07113653	-
chr6	15628930	15628932	cg20236089	+
chr6	19691422	19691424	cg00352218	+
chr6	19691985	19691987	cg01866955	+
chr6	26240710	26240712	cg21425842	+
chr6	27139890	27139892	cg22272282	+
chr6	27268042	27268044	cg09513990	-
chr6	27545699	27545701	cg05310764	+
chr6	28537130	28537132	cg05828005	-
chr6	28988546	28988548	cg18803104	-
chr6	28988554	28988556	cg07124687	-
chr6	28988732	28988734	cg20040488	+
chr6	28988831	28988833	cg17545346	+
chr6	29734275	29734277	cg24177217	+
chr6	29926272	29926274	cg18786623	+
chr6	29943772	29943774	cg17608381	-
chr6	30071598	30071600	cg15877520	+
chr6	30071602	30071604	cg13918754	+
chr6	30190605	30190607	cg20294280	-
chr6	30682424	30682426	cg22413056	+
chr6	30685389	30685391	cg00010853	-
chr6	30685629	30685631	cg12105190	+
chr6	30685734	30685736	cg25980484	+
chr6	30685771	30685773	cg12247101	-
chr6	30685954	30685956	cg10098021	-
chr6	30883860	30883862	cg03270204	+
chr6	30885236	30885238	cg13695585	+
chr6	31016890	31016892	cg21505231	+
chr6	31058155	31058157	cg13525397	-
chr6	31176020	31176022	cg11040238	+
chr6	31271296	31271298	cg15397231	+
chr6	31541646	31541648	cg00916439	-
chr6	31572220	31572222	cg14597739	-
chr6	31572224	31572226	cg16219283	-
chr6	31572683	31572685	cg26348243	+
chr6	31622785	31622787	cg08484337	+
chr6	31703565	31703567	cg11836132	+
chr6	31720302	31720304	cg19251326	-
chr6	31770107	31770109	cg08409562	+
chr6	31821383	31821385	cg05032934	-
chr6	31879178	31879180	cg04567302	-
chr6	31902467	31902469	cg11046887	-
chr6	33073565	33073567	cg09321817	+
chr6	33315508	33315510	cg14258935	-
chr6	34556147	34556149	cg07705908	+
chr6	35297865	35297867	cg00237391	-
chr6	41560792	41560794	cg01916088	+
chr6	41941793	41941795	cg13479780	-
chr6	43096721	43096723	cg20976787	+
chr6	43276222	43276224	cg07631407	+
chr6	43284137	43284139	cg00507679	+
chr6	43510953	43510955	cg24756966	+
chr6	46881408	46881410	cg13668646	+
chr6	50706808	50706810	cg13279673	-
chr6	50849479	50849481	cg01791371	+
chr6	53048628	53048630	cg15391590	-
chr6	54292025	54292027	cg16523850	+
chr6	84425232	84425234	cg06206057	-
chr6	85450243	85450245	cg23157089	+
chr6	89298136	89298138	cg03301058	+
chr6	99609266	99609268	cg18924324	-
chr6	100459018	100459020	cg06708634	-
chr6	100465063	100465065	cg27252696	+
chr6	100465069	100465071	cg17380661	+
chr6	100469550	100469552	cg25351606	-
chr6	105981440	105981442	cg14765959	+
chr6	105986293	105986295	cg23244910	+
chr6	106519844	106519846	cg22261694	-
chr6	107539670	107539672	cg05746014	-
chr6	108169690	108169692	cg25775494	-
chr6	108174473	108174475	cg20731469	+
chr6	112053982	112053984	cg19804071	-
chr6	127271296	127271298	cg21068736	-
chr6	127484330	127484332	cg19477921	+
chr6	129710393	129710395	cg13438236	-
chr6	132798599	132798601	cg07930552	-
chr6	143896745	143896747	cg24525744	-
chr6	146543191	146543193	cg25634742	+
chr6	148761511	148761513	cg11009590	+
chr6	149233366	149233368	cg20331980	+
chr6	149482289	149482291	cg15559674	+
chr6	149482307	149482309	cg09313931	-
chr6	149485202	149485204	cg18082788	+
chr6	149965371	149965373	cg11660826	-
chr6	152982214	152982216	cg18198306	+
chr6	157597105	157597107	cg05956452	+
chr6	158516325	158516327	cg16195332	+
chr6	158649623	158649625	cg12691330	+
chr6	160258510	160258512	cg13717233	+
chr6	160259180	160259182	cg19499998	+
chr6	163191863	163191865	cg25670061	-
chr6	166167204	166167206	cg14959729	-
chr6	167116189	167116191	cg19688584	-
chr6	167664220	167664222	cg24659037	+
chr6	168017758	168017760	cg12707343	-
chr6	168017846	168017848	cg05392263	-
chr6	168377187	168377189	cg17942603	-
chr6	169169607	169169609	cg16070740	-
chr6	169660891	169660893	cg19951766	+
chr6	170089789	170089791	cg05935904	+
chr7	882597	882599	cg24046689	+
chr7	1096386	1096388	cg00745693	-
chr7	1263714	1263716	cg02442572	-
chr7	1263811	1263813	cg10419295	-
chr7	1714000	1714002	cg12967164	-
chr7	1923512	1923514	cg16773043	-
chr7	1940480	1940482	cg20777796	-
chr7	2572336	2572338	cg16939187	+
chr7	2640336	2640338	cg16184737	+
chr7	2803111	2803113	cg16765393	-
chr7	2815323	2815325	cg11018271	+
chr7	2993944	2993946	cg15899738	-
chr7	2994001	2994003	cg24693436	-
chr7	4189315	4189317	cg26800883	-
chr7	5606146	5606148	cg13087761	+
chr7	5695491	5695493	cg21637392	+
chr7	6842480	6842482	cg12074915	-
chr7	16484887	16484889	cg20067765	+
chr7	21370777	21370779	cg00572966	-
chr7	26636571	26636573	cg25452361	-
chr7	27136507	27136509	cg05287480	-
chr7	30682271	30682273	cg04922810	+
chr7	32761655	32761657	cg02148426	+
chr7	35004169	35004171	cg14116056	+
chr7	36156176	36156178	cg12334013	+
chr7	38863438	38863440	cg07600548	+
chr7	39131512	39131514	cg21665744	+
chr7	39736203	39736205	cg26723524	+
chr7	40899469	40899471	cg07626366	+
chr7	47251815	47251817	cg23295491	-
chr7	47305009	47305011	cg08398005	+
chr7	50093167	50093169	cg07750378	-
chr7	55534415	55534417	cg08337633	+
chr7	55570025	55570027	cg21959598	-
chr7	55571030	55571032	cg13860281	+
chr7	73831421	73831423	cg06350432	-
chr7	73833282	73833284	cg12620035	+
chr7	74059901	74059903	cg15983182	+
chr7	74059904	74059906	cg25729687	+
chr7	76520191	76520193	cg16393713	-
chr7	82677729	82677731	cg24232083	-
chr7	88795807	88795809	cg15325154	+
chr7	92608581	92608583	cg14100946	-
chr7	94656030	94656032	cg17701373	-
chr7	97007303	97007305	cg03774463	+
chr7	99558143	99558145	cg21950525	-
chr7	101202324	101202326	cg02258703	+
chr7	101953123	101953125	cg01973676	+
chr7	105389447	105389449	cg14141459	+
chr7	105638943	105638945	cg13007207	-
chr7	108034015	108034017	cg16190209	+
chr7	110724877	110724879	cg00399162	-
chr7	111091144	111091146	cg09837977	+
chr7	116952913	116952915	cg15730857	+
chr7	122310374	122310376	cg01201519	-
chr7	124720271	124720273	cg07015424	-
chr7	129784698	129784700	cg11627823	-
chr7	130961318	130961320	cg15928106	-
chr7	134213105	134213107	cg08072507	-
chr7	135748966	135748968	cg01548463	+
chr7	143284682	143284684	cg15652212	-
chr7	143284685	143284687	cg22531018	-
chr7	147904336	147904338	cg02373104	+
chr7	149415226	149415228	cg16966315	-
chr7	150368911	150368913	cg00365505	+
chr7	152924936	152924938	cg15818671	+
chr7	155470653	155470655	cg15032166	+
chr7	155922284	155922286	cg10033433	-
chr7	157299987	157299989	cg07352054	-
chr7	157300287	157300289	cg02137956	-
chr7	157726486	157726488	cg19465011	-
chr7	158267097	158267099	cg00238283	-
chr7	158267310	158267312	cg09040942	+
chr8	641687	641689	cg00403616	+
chr8	1296025	1296027	cg02886375	+
chr8	1947391	1947393	cg20690085	+
chr8	4107695	4107697	cg00631327	+
chr8	6780470	6780472	cg08001580	-
chr8	7453607	7453609	cg14600420	+
chr8	7549785	7549787	cg21964162	+
chr8	8891767	8891769	cg01784220	-
chr8	9898293	9898295	cg25353171	-
chr8	9898990	9898992	cg21762788	+
chr8	9899463	9899465	cg06545268	-
chr8	9905205	9905207	cg24511738	-
chr8	9908180	9908182	cg17526103	+
chr8	10729285	10729287	cg03086235	-
chr8	11201260	11201262	cg15301489	-
chr8	11474197	11474199	cg00832105	-
chr8	11877909	11877911	cg07593977	+
chr8	17027490	17027492	cg12097222	+
chr8	19014632	19014634	cg24804106	+
chr8	22156925	22156927	cg15235096	+
chr8	22737793	22737795	cg26286901	+
chr8	23105853	23105855	cg23221723	+
chr8	23164096	23164098	cg04134048	-
chr8	23297177	23297179	cg24531955	+
chr8	23706511	23706513	cg20892260	+
chr8	24914795	24914797	cg22562942	+
chr8	29529490	29529492	cg21430685	+
chr8	32780234	32780236	cg05027713	-
chr8	38044178	38044180	cg02138124	+
chr8	38770370	38770372	cg14284618	+
chr8	39017020	39017022	cg16970580	+
chr8	42499212	42499214	cg22855020	-
chr8	52938595	52938597	cg26205771	+
chr8	55939588	55939590	cg17643864	+
chr8	61300174	61300176	cg26842720	+
chr8	67063638	67063640	cg07896832	+
chr8	68331274	68331276	cg24280540	-
chr8	73420199	73420201	cg02346342	-
chr8	73747889	73747891	cg14195684	+
chr8	81695269	81695271	cg02573176	+
chr8	86344408	86344410	cg23704802	+
chr8	98939501	98939503	cg03020554	-
chr8	101064283	101064285	cg13096433	+
chr8	101438631	101438633	cg07997333	+
chr8	103120454	103120456	cg10172675	-
chr8	104367163	104367165	cg23305365	-
chr8	106450231	106450233	cg08244485	+
chr8	113376938	113376940	cg23970028	+
chr8	115667535	115667537	cg06368590	-
chr8	116938004	116938006	cg21092790	+
chr8	119209556	119209558	cg25327343	-
chr8	120036363	120036365	cg00317837	+
chr8	125430188	125430190	cg12286194	-
chr8	130042161	130042163	cg13447080	-
chr8	140100800	140100802	cg22807877	+
chr8	141192996	141192998	cg21031226	+
chr8	141228591	141228593	cg15586392	-
chr8	141282749	141282751	cg17364411	-
chr8	141374800	141374802	cg10964944	+
chr8	142612648	142612650	cg24450303	+
chr8	143024152	143024154	cg07011778	+
chr8	143574100	143574102	cg20127859	-
chr8	143733033	143733035	cg05913474	+
chr8	143948673	143948675	cg16001422	+
chr8	144051680	144051682	cg26256223	+
chr8	144324231	144324233	cg08079052	+
chr9	79256893	79256895	cg21217093	-
chr9	87499240	87499242	cg24754277	+
chr9	93960731	93960733	cg14428080	-
chr9	94783231	94783233	cg14326009	+
chr9	97848414	97848416	cg15365032	+
chr9	97849233	97849235	cg00282510	-
chr9	103002323	103002325	cg14150186	+
chr9	106677735	106677737	cg14193808	-
chr9	109013581	109013583	cg13832679	-
chr9	110208182	110208184	cg14414873	-
chr9	110208309	110208311	cg03884238	-
chr9	117224790	117224792	cg14516287	-
chr9	121289424	121289426	cg13569051	+
chr9	122518947	122518949	cg24137660	+
chr9	127904777	127904779	cg13939204	+
chr9	131276131	131276133	cg17936488	-
chr9	131554874	131554876	cg14600824	-
chr9	136543837	136543839	cg01909856	-
chr9	136693611	136693613	cg00518468	+
chr9	136986065	136986067	cg10129025	-
chr9	137199123	137199125	cg14537183	-
chr9	137438686	137438688	cg08011941	-
chr10	338565	338567	cg13859346	-
chr10	338711	338713	cg14072016	-
chr10	392902	392904	cg19462116	-
chr10	1671140	1671142	cg14786686	+
chr10	2772996	2772998	cg11476737	-
chr10	3763059	3763061	cg00206063	+
chr10	3763080	3763082	cg14302214	+
chr10	3763133	3763135	cg14106234	-
chr10	3781597	3781599	cg23680451	+
chr10	3786739	3786741	cg07639900	+
chr10	6201916	6201918	cg14348658	+
chr10	6623038	6623040	cg09017139	-
chr10	7269537	7269539	cg05103064	+
chr10	8060619	8060621	cg22892607	-
chr10	10805880	10805882	cg12646576	+
chr10	13706984	13706986	cg20532937	-
chr10	14674589	14674591	cg15272762	-
chr10	19783748	19783750	cg23008825	-
chr10	21167090	21167092	cg07815856	+
chr10	21500194	21500196	cg00580562	-
chr10	23203868	23203870	cg00442109	-
chr10	24157981	24157983	cg09904358	+
chr10	26217783	26217785	cg15959715	+
chr10	26567175	26567177	cg16492341	-
chr10	26734260	26734262	cg04044188	+
chr10	26755675	26755677	cg06020978	+
chr10	33005747	33005749	cg23044053	-
chr10	34372279	34372281	cg05709402	+
chr10	34781053	34781055	cg06832449	+
chr10	42692020	42692022	cg02780400	+
chr10	43371655	43371657	cg06162324	-
chr10	49113070	49113072	cg07260003	+
chr10	49131310	49131312	cg09409486	-
chr10	49762492	49762494	cg11153529	-
chr10	52456749	52456751	cg14550910	+
chr10	58518822	58518824	cg07615347	+
chr10	60573087	60573089	cg27434149	+
chr10	61780265	61780267	cg25164589	-
chr10	64395884	64395886	cg16126900	-
chr10	68342409	68342411	cg19756042	-
chr10	68561816	68561818	cg12630147	-
chr10	69220054	69220056	cg11639651	+
chr10	69220310	69220312	cg12682133	-
chr10	70381667	70381669	cg17516577	+
chr10	77325379	77325381	cg20227530	+
chr10	78568132	78568134	cg10692363	-
chr10	79067036	79067038	cg22620363	-
chr10	79071472	79071474	cg21344746	+
chr10	80488096	80488098	cg08560387	+
chr10	88852097	88852099	cg01561719	+
chr10	88882245	88882247	cg23264429	+
chr10	91633410	91633412	cg06051961	-
chr10	93065789	93065791	cg22044002	+
chr10	93873502	93873504	cg07107824	+
chr10	94363327	94363329	cg11380830	+
chr10	94683625	94683627	cg14196507	+
chr10	96369993	96369995	cg23172086	+
chr10	96370144	96370146	cg02443967	+
chr10	98030680	98030682	cg08969532	+
chr10	98349877	98349879	cg23078268	-
chr10	99530410	99530412	cg02798576	+
chr10	99930910	99930912	cg04366815	-
chr10	99994567	99994569	cg10005998	+
chr10	100115270	100115272	cg18267049	-
chr10	100659842	100659844	cg03943218	-
chr10	100659859	100659861	cg07099331	-
chr10	101131522	101131524	cg05329692	-
chr10	101134683	101134685	cg07416656	+
chr10	101136882	101136884	cg06382559	+
chr10	101284233	101284235	cg01812599	+
chr10	102065452	102065454	cg25337150	+
chr10	103660988	103660990	cg23901918	-
chr10	103668626	103668628	cg00492979	-
chr10	103758005	103758007	cg06888746	-
chr10	103800809	103800811	cg03880642	-
chr10	104642283	104642285	cg09735723	+
chr10	110279489	110279491	cg21403602	-
chr10	114631182	114631184	cg06539091	+
chr10	116271335	116271337	cg23906261	-
chr10	116893326	116893328	cg19263868	-
chr10	117550541	117550543	cg25793931	+
chr10	119317509	119317511	cg00406211	-
chr10	120461230	120461232	cg24575705	-
chr10	122163534	122163536	cg24098326	-
chr10	123655938	123655940	cg25921112	-
chr10	125015538	125015540	cg09127448	-
chr10	125161884	125161886	cg03862225	-
chr10	126332851	126332853	cg24166018	-
chr10	126839646	126839648	cg15197050	-
chr10	129035738	129035740	cg09580822	-
chr10	129344273	129344275	cg05846798	+
chr10	129425139	129425141	cg05123263	+
chr10	129965664	129965666	cg04779860	-
chr10	131201443	131201445	cg11334499	+
chr10	131652273	131652275	cg13453904	+
chr10	131977896	131977898	cg06147895	+
chr10	132408128	132408130	cg13506288	+
chr10	132685761	132685763	cg19649172	+
chr10	132794374	132794376	cg04510209	-
chr10	132833952	132833954	cg02562387	+
chr10	133025090	133025092	cg04071798	+
chr10	133201299	133201301	cg23797252	+
chr10	133207595	133207597	cg09979641	-
chr10	133526940	133526942	cg07381788	+
chr10	133527034	133527036	cg10986462	+
chr11	269374	269376	cg11546385	-
chr11	314073	314075	cg06632214	-
chr11	314340	314342	cg14967066	+
chr11	469635	469637	cg25227936	-
chr11	625832	625834	cg27261397	-
chr11	627174	627176	cg25774643	+
chr11	1029187	1029189	cg15203028	+
chr11	1299403	1299405	cg09566995	-
chr11	1447881	1447883	cg18119644	-
chr11	1834429	1834431	cg21544658	-
chr11	1996912	1996914	cg03175030	-
chr11	2381160	2381162	cg10504000	+
chr11	3000774	3000776	cg15569292	-
chr11	4044974	4044976	cg01104306	-
chr11	4587128	4587130	cg03828557	-
chr11	4655134	4655136	cg18438823	+
chr11	4665735	4665737	cg08426891	-
chr11	7600324	7600326	cg25844590	+
chr11	8206474	8206476	cg13608733	+
chr11	9761667	9761669	cg24580287	+
chr11	10454946	10454948	cg07268332	-
chr11	12248738	12248740	cg14081744	-
chr11	12845905	12845907	cg06829681	-
chr11	13052356	13052358	cg04844534	-
chr11	14905457	14905459	cg03486485	-
chr11	15941385	15941387	cg07805777	-
chr11	15968602	15968604	cg09749669	-
chr11	16610961	16610963	cg20216139	+
chr11	17012936	17012938	cg03198203	-
chr11	22432605	22432607	cg12426748	-
chr11	27473244	27473246	cg14346046	+
chr11	30017129	30017131	cg15310492	-
chr11	31797895	31797897	cg21016855	+
chr11	31797915	31797917	cg06666008	+
chr11	31799109	31799111	cg22740492	-
chr11	31804420	31804422	cg22982368	+
chr11	31819976	31819978	cg20512711	-
chr11	33723430	33723432	cg07440264	+
chr11	34620755	34620757	cg14022090	-
chr11	40692162	40692164	cg00350158	-
chr11	41018479	41018481	cg14955976	+
chr11	43581296	43581298	cg14416371	+
chr11	43582021	43582023	cg15725584	-
chr11	43831332	43831334	cg14753094	+
chr11	45858178	45858180	cg23097878	+
chr11	46367698	46367700	cg12856521	+
chr11	47234483	47234485	cg14943002	+
chr11	57541135	57541137	cg09759588	-
chr11	57791590	57791592	cg06291428	-
chr11	58422519	58422521	cg17013303	-
chr11	59106733	59106735	cg03004497	-
chr11	61102437	61102439	cg26255314	+
chr11	63536625	63536627	cg05817709	-
chr11	64321805	64321807	cg01708924	-
chr11	64542898	64542900	cg22380161	+
chr11	64843614	64843616	cg02933228	-
chr11	64878083	64878085	cg11015505	+
chr11	65177268	65177270	cg18022606	-
chr11	65499089	65499091	cg18501142	+
chr11	65647718	65647720	cg00083072	-
chr11	66317188	66317190	cg13383058	+
chr11	66607291	66607293	cg02926868	+
chr11	67437694	67437696	cg27262415	+
chr11	67674595	67674597	cg20420868	-
chr11	67674723	67674725	cg18492926	-
chr11	67674936	67674938	cg24563501	+
chr11	68313757	68313759	cg14245804	+
chr11	69444496	69444498	cg23478547	+
chr11	69471583	69471585	cg18498241	+
chr11	70271607	70271609	cg08092930	+
chr11	70671305	70671307	cg15177855	-
chr11	70827150	70827152	cg04262428	+
chr11	71206411	71206413	cg13756965	-
chr11	72434081	72434083	cg06872163	-
chr11	72781125	72781127	cg03575969	+
chr11	74171432	74171434	cg21493666	+
chr11	75430789	75430791	cg03934926	-
chr11	75566745	75566747	cg11351958	-
chr11	79092820	79092822	cg04649598	+
chr11	79419630	79419632	cg24810917	+
chr11	85682648	85682650	cg20544552	-
chr11	92866899	92866901	cg14848783	+
chr11	93735275	93735277	cg16394304	+
chr11	94694679	94694681	cg04131101	-
chr11	94934826	94934828	cg19668724	+
chr11	95242609	95242611	cg18829068	+
chr11	95487725	95487727	cg19645534	+
chr11	95925304	95925306	cg08412316	+
chr11	96339541	96339543	cg27627006	+
chr11	102335982	102335984	cg08847737	-
chr11	110296842	110296844	cg25166381	+
chr11	110357337	110357339	cg06551007	+
chr11	111298731	111298733	cg26459819	+
chr11	111298747	111298749	cg21645554	+
chr11	111918727	111918729	cg23921031	-
chr11	111918768	111918770	cg08775230	+
chr11	111918888	111918890	cg11845417	+
chr11	111918968	111918970	cg05697249	+
chr11	112164077	112164079	cg11304234	+
chr11	112499814	112499816	cg24902250	+
chr11	113315156	113315158	cg16302655	-
chr11	113733554	113733556	cg04690319	+
chr11	114316322	114316324	cg03329576	-
chr11	119363896	119363898	cg09048129	+
chr11	120137775	120137777	cg13285004	+
chr11	122099985	122099987	cg02101355	+
chr11	122116494	122116496	cg15598802	-
chr11	123072432	123072434	cg18247124	+
chr11	123303000	123303002	cg12265950	-
chr11	125888210	125888212	cg21845713	-
chr11	128451853	128451855	cg10334741	+
chr11	129192381	129192383	cg06466839	+
chr11	132025704	132025706	cg19417526	+
chr11	133967505	133967507	cg22821947	-
chr12	2112137	2112139	cg24176288	+
chr12	2634072	2634074	cg15160746	-
chr12	6312500	6312502	cg27150896	+
chr12	6474356	6474358	cg20594286	-
chr12	6555369	6555371	cg00082235	-
chr12	6556121	6556123	cg00983904	+
chr12	6556163	6556165	cg08875705	+
chr12	6556203	6556205	cg23737737	+
chr12	6556257	6556259	cg01979888	-
chr12	6556280	6556282	cg01493517	-
chr12	6749382	6749384	cg10617763	+
chr12	6946288	6946290	cg25719851	+
chr12	6963532	6963534	cg00366413	+
chr12	6963563	6963565	cg27534624	+
chr12	6963727	6963729	cg18959988	-
chr12	6964015	6964017	cg23067082	+
chr12	7665988	7665990	cg20597842	+
chr12	9294316	9294318	cg18778857	+
chr12	11730071	11730073	cg11375112	+
chr12	12072327	12072329	cg20141578	+
chr12	12890567	12890569	cg03353445	+
chr12	13377209	13377211	cg06787397	-
chr12	15886889	15886891	cg00830252	-
chr12	30823081	30823083	cg27411712	-
chr12	32502057	32502059	cg22431093	+
chr12	45611223	45611225	cg04923020	+
chr12	48204264	48204266	cg25198316	+
chr12	50283240	50283242	cg13284081	-
chr12	51424872	51424874	cg24983105	+
chr12	52116060	52116062	cg07238710	-
chr12	52233557	52233559	cg09522147	-
chr12	52258677	52258679	cg15074033	+
chr12	52904242	52904244	cg10843343	+
chr12	52904598	52904600	cg07986666	+
chr12	52904639	52904641	cg03600605	-
chr12	52949729	52949731	cg07652628	-
chr12	53206021	53206023	cg26689077	+
chr12	53963623	53963625	cg22829917	-
chr12	53990881	53990883	cg10662314	+
chr12	54015700	54015702	cg16937769	+
chr12	54015706	54015708	cg04704531	+
chr12	54029764	54029766	cg07687119	-
chr12	54047428	54047430	cg02721000	+
chr12	54052248	54052250	cg21493516	-
chr12	54052468	54052470	cg26201952	+
chr12	54053564	54053566	cg15233062	-
chr12	54053811	54053813	cg15894722	+
chr12	54259280	54259282	cg19641804	-
chr12	57176003	57176005	cg14621254	-
chr12	62191685	62191687	cg20010506	-
chr12	89355255	89355257	cg22466678	-
chr12	94616271	94616273	cg00873953	+
chr12	98745989	98745991	cg12391352	-
chr12	99154771	99154773	cg13475578	+
chr12	102425969	102425971	cg02823066	-
chr12	103841775	103841777	cg02071712	+
chr12	104303747	104303749	cg21234561	-
chr12	104720620	104720622	cg09237846	-
chr12	105020375	105020377	cg14255981	+
chr12	106645238	106645240	cg10764492	+
chr12	106645366	106645368	cg16773162	-
chr12	108827647	108827649	cg27553890	+
chr12	108912017	108912019	cg26345142	-
chr12	114400966	114400968	cg18692678	-
chr12	114679545	114679547	cg13030332	-
chr12	116318330	116318332	cg07060505	+
chr12	116318479	116318481	cg01806382	+
chr12	117143189	117143191	cg26484108	+
chr12	117213493	117213495	cg06522206	+
chr12	117359310	117359312	cg17119907	+
chr12	121240754	121240756	cg09297514	-
chr12	122731005	122731007	cg13702536	-
chr12	122961724	122961726	cg03131767	-
chr12	123601924	123601926	cg14453326	-
chr12	124453569	124453571	cg13581922	-
chr12	124589203	124589205	cg26704293	+
chr12	126773132	126773134	cg00440032	-
chr12	129088064	129088066	cg01909103	-
chr12	129446878	129446880	cg11023224	-
chr12	130017737	130017739	cg22912997	-
chr12	130952489	130952491	cg02075142	-
chr12	131048558	131048560	cg10239022	+
chr12	132266194	132266196	cg04931387	-
chr12	132423584	132423586	cg22977246	+
chr12	132525025	132525027	cg10378521	+
chr12	132772796	132772798	cg23755933	-
chr12	133181360	133181362	cg21808250	+
chr13	20946239	20946241	cg19285800	+
chr13	21176214	21176216	cg11021200	+
chr13	32969875	32969877	cg25650964	+
chr13	33285945	33285947	cg06652675	-
chr13	33611028	33611030	cg20749792	+
chr13	35475669	35475671	cg00505001	-
chr13	35476384	35476386	cg12178237	+
chr13	46052194	46052196	cg16239628	+
chr13	46553165	46553167	cg04579095	-
chr13	48001143	48001145	cg09826221	-
chr13	48492731	48492733	cg02552250	+
chr13	50127482	50127484	cg01803928	-
chr13	68885400	68885402	cg11746996	+
chr13	69580491	69580493	cg09121152	-
chr13	73061429	73061431	cg04339360	-
chr13	73061938	73061940	cg14281591	-
chr13	73611029	73611031	cg05447102	-
chr13	77854067	77854069	cg13487183	-
chr13	83881991	83881993	cg07104706	+
chr13	94702486	94702488	cg11432962	-
chr13	94705488	94705490	cg13128937	+
chr13	94706221	94706223	cg22859289	-
chr13	95552414	95552416	cg24426691	-
chr13	95553040	95553042	cg18393747	-
chr13	99311354	99311356	cg11667400	+
chr13	99989489	99989491	cg25334575	-
chr13	99997545	99997547	cg01528028	-
chr13	99997776	99997778	cg18747039	+
chr13	108270396	108270398	cg01462856	-
chr13	109140803	109140805	cg08404009	-
chr13	109840697	109840699	cg01733904	+
chr13	110508051	110508053	cg08924619	-
chr13	110676435	110676437	cg04828493	+
chr13	110678454	110678456	cg13515875	-
chr13	110870637	110870639	cg22790835	-
chr13	112059709	112059711	cg02058624	+
chr13	112067397	112067399	cg25463470	-
chr13	112762852	112762854	cg07026882	+
chr13	112842367	112842369	cg00204802	+
chr13	112844135	112844137	cg01233786	+
chr13	112929792	112929794	cg24028634	+
chr13	112929864	112929866	cg16959787	+
chr13	112969324	112969326	cg00127894	-
chr13	112969344	112969346	cg15179805	-
chr13	113411581	113411583	cg26081974	-
chr13	114049203	114049205	cg08617982	-
chr14	20311543	20311545	cg02012712	+
chr14	20801584	20801586	cg10197238	-
chr14	22469682	22469684	cg23062357	+
chr14	23366385	23366387	cg17205324	-
chr14	24171979	24171981	cg18628371	+
chr14	24271646	24271648	cg13520315	+
chr14	24427331	24427333	cg05142272	+
chr14	24818098	24818100	cg10529613	-
chr14	28760042	28760044	cg04723401	-
chr14	28766169	28766171	cg09231862	-
chr14	31206156	31206158	cg26066349	+
chr14	34978677	34978679	cg16400425	+
chr14	35533974	35533976	cg11082362	+
chr14	36508313	36508315	cg21057907	+
chr14	36513241	36513243	cg04926361	-
chr14	36522795	36522797	cg01630690	-
chr14	36524311	36524313	cg18468354	+
chr14	36583462	36583464	cg17929068	+
chr14	37598536	37598538	cg21731375	-
chr14	37599134	37599136	cg04215800	+
chr14	37602132	37602134	cg18252039	+
chr14	37622720	37622722	cg04193970	+
chr14	38210437	38210439	cg23248887	-
chr14	39266420	39266422	cg14873488	-
chr14	49770926	49770928	cg15827101	-
chr14	51752235	51752237	cg01829342	-
chr14	56795167	56795169	cg00107772	-
chr14	56797351	56797353	cg19787727	+
chr14	61281635	61281637	cg15891218	+
chr14	61554836	61554838	cg18703243	+
chr14	64703330	64703332	cg01994290	+
chr14	69657989	69657991	cg04158862	-
chr14	70187001	70187003	cg10848272	+
chr14	70555947	70555949	cg11204974	+
chr14	73139897	73139899	cg23501468	-
chr14	73712397	73712399	cg09238801	+
chr14	74836318	74836320	cg11165667	+
chr14	75522456	75522458	cg21531300	-
chr14	75522476	75522478	cg14424070	-
chr14	87233528	87233530	cg01684721	+
chr14	90384701	90384703	cg16598679	-
chr14	91243606	91243608	cg05875421	-
chr14	91396468	91396470	cg26290716	+
chr14	93066286	93066288	cg22999830	+
chr14	95157494	95157496	cg13005708	-
chr14	95227543	95227545	cg21871232	-
chr14	95227643	95227645	cg26248586	+
chr14	95461137	95461139	cg19821124	-
chr14	95875200	95875202	cg14011368	-
chr14	99235078	99235080	cg20574436	-
chr14	99247092	99247094	cg05100282	-
chr14	99262667	99262669	cg26396443	+
chr14	99580156	99580158	cg23149072	+
chr14	100283123	100283125	cg18455364	-
chr14	100398194	100398196	cg10090326	-
chr14	100691577	100691579	cg09942166	+
chr14	100691612	100691614	cg11806439	-
chr14	100725935	100725937	cg06504820	+
chr14	100868244	100868246	cg02577745	-
chr14	101060708	101060710	cg11869269	-
chr14	102508487	102508489	cg03240324	+
chr14	102555034	102555036	cg08075719	-
chr14	102987453	102987455	cg02855302	+
chr14	103071694	103071696	cg19451021	-
chr14	103513084	103513086	cg07514618	-
chr14	103562186	103562188	cg15482623	-
chr14	103879607	103879609	cg16399833	-
chr14	104275671	104275673	cg16490015	+
chr14	104896677	104896679	cg01147727	+
chr14	105091408	105091410	cg18876270	-
chr14	105222037	105222039	cg23486580	-
chr14	105478266	105478268	cg13667739	-
chr15	22904454	22904456	cg10837685	-
chr15	25710124	25710126	cg13492826	+
chr15	26260358	26260360	cg20275508	+
chr15	26628950	26628952	cg01251603	+
chr15	26719651	26719653	cg24583448	+
chr15	29675990	29675992	cg12414681	+
chr15	31435085	31435087	cg27628707	+
chr15	34336529	34336531	cg10550166	-
chr15	37095375	37095377	cg26708220	-
chr15	39919904	39919906	cg24493446	+
chr15	40106802	40106804	cg12929983	-
chr15	40106929	40106931	cg08131309	-
chr15	40406190	40406192	cg26738606	+
chr15	41495581	41495583	cg20272979	+
chr15	42155880	42155882	cg00150025	-
chr15	42156587	42156589	cg10917153	-
chr15	42457686	42457688	cg12492087	-
chr15	55318425	55318427	cg19991916	+
chr15	58499057	58499059	cg24654177	+
chr15	59616452	59616454	cg23877385	-
chr15	61112486	61112488	cg10767554	+
chr15	63212671	63212673	cg07068735	-
chr15	64841375	64841377	cg12027358	-
chr15	65409526	65409528	cg26579713	-
chr15	67821746	67821748	cg08429308	-
chr15	69321042	69321044	cg08437576	+
chr15	69561684	69561686	cg02711212	-
chr15	70196713	70196715	cg12109883	-
chr15	70487006	70487008	cg03278514	-
chr15	70872363	70872365	cg05636891	+
chr15	71412100	71412102	cg17882867	+
chr15	75182696	75182698	cg16906765	+
chr15	76192131	76192133	cg12226028	+
chr15	76335324	76335326	cg19464917	-
chr15	78003698	78003700	cg13208438	-
chr15	78134124	78134126	cg19819320	+
chr15	79925037	79925039	cg22389121	+
chr15	80704745	80704747	cg00625443	-
chr15	81098992	81098994	cg11706226	+
chr15	84606865	84606867	cg10330955	+
chr15	85689982	85689984	cg05341539	+
chr15	85689988	85689990	cg25947619	-
chr15	85690004	85690006	cg25510609	-
chr15	86867646	86867648	cg16226785	-
chr15	89115672	89115674	cg10173620	+
chr15	89188253	89188255	cg23124613	-
chr15	89197784	89197786	cg02557652	-
chr15	89409267	89409269	cg18698788	+
chr15	90234656	90234658	cg00793843	-
chr15	94265336	94265338	cg10081621	-
chr15	96344689	96344691	cg22840361	+
chr15	96368758	96368760	cg01218896	+
chr15	96587816	96587818	cg19723997	-
chr15	96619360	96619362	cg24795274	-
chr15	96773468	96773470	cg25271525	+
chr15	97656694	97656696	cg06755296	-
chr15	98785562	98785564	cg11852333	-
chr15	99132776	99132778	cg27344022	+
chr15	99250695	99250697	cg02467858	-
chr15	99434935	99434937	cg01898225	-
chr15	101451354	101451356	cg10453419	+
chr15	101451374	101451376	cg21230427	+
chr15	101451680	101451682	cg07983363	-
chr15	101653212	101653214	cg25863289	-
chr15	101818732	101818734	cg07695475	+
chr16	268694	268696	cg09192940	+
chr16	543475	543477	cg02723964	+
chr16	628126	628128	cg06013113	+
chr16	761077	761079	cg04588708	+
chr16	991052	991054	cg03123979	+
chr16	991087	991089	cg03630386	-
chr16	991180	991182	cg07773186	+
chr16	1022778	1022780	cg26515378	+
chr16	1068908	1068910	cg27099358	+
chr16	1109091	1109093	cg01172419	+
chr16	1157074	1157076	cg27616039	+
chr16	1195598	1195600	cg06468978	-
chr16	1221504	1221506	cg27338302	-
chr16	1258101	1258103	cg05848579	-
chr16	1315582	1315584	cg02845733	+
chr16	1458783	1458785	cg03655684	-
chr16	2603220	2603222	cg26813301	+
chr16	10558848	10558850	cg04767756	+
chr16	15033335	15033337	cg06978461	+
chr16	17084225	17084227	cg07778145	+
chr16	21159605	21159607	cg07968770	+
chr16	21159745	21159747	cg04813880	-
chr16	21233576	21233578	cg08030625	-
chr16	23927776	23927778	cg06835509	-
chr16	27225800	27225802	cg04094640	-
chr16	28947988	28947990	cg26663590	+
chr16	30123503	30123505	cg02521996	-
chr16	30893671	30893673	cg00960050	-
chr16	46886162	46886164	cg04839706	+
chr16	50697203	50697205	cg06181567	+
chr16	51111007	51111009	cg26993798	-
chr16	51153660	51153662	cg05875410	+
chr16	53054856	53054858	cg08361399	+
chr16	54283018	54283020	cg01180552	-
chr16	54283129	54283131	cg09275704	-
chr16	54374030	54374032	cg04917160	+
chr16	54374077	54374079	cg02583618	-
chr16	54374101	54374103	cg06658404	-
chr16	54934814	54934816	cg02388378	-
chr16	54938660	54938662	cg01047631	-
chr16	55328841	55328843	cg04834436	+
chr16	57619789	57619791	cg25645462	-
chr16	57797928	57797930	cg00917156	-
chr16	58121284	58121286	cg02990302	+
chr16	58685010	58685012	cg07424912	-
chr16	65373061	65373063	cg10278552	+
chr16	66266707	66266709	cg27381488	+
chr16	67393435	67393437	cg07355841	+
chr16	67884850	67884852	cg10574499	-
chr16	67965140	67965142	cg06803257	-
chr16	68235137	68235139	cg01660934	-
chr16	68235391	68235393	cg22190721	-
chr16	68236727	68236729	cg16562724	+
chr16	68236978	68236980	cg08886823	+
chr16	68265181	68265183	cg06305340	+
chr16	68745041	68745043	cg08051386	+
chr16	69564513	69564515	cg06499262	+
chr16	69917802	69917804	cg26736200	-
chr16	70292109	70292111	cg01739431	+
chr16	70381610	70381612	cg01269537	+
chr16	72787666	72787668	cg16630989	+
chr16	74985483	74985485	cg05828191	+
chr16	75319907	75319909	cg06633978	+
chr16	75486266	75486268	cg07867517	+
chr16	78506274	78506276	cg02748089	+
chr16	81447004	81447006	cg05083852	+
chr16	81447842	81447844	cg08946161	+
chr16	81493501	81493503	cg07572930	-
chr16	85030135	85030137	cg27260684	-
chr16	85349586	85349588	cg04607671	+
chr16	85360391	85360393	cg00834923	-
chr16	85575052	85575054	cg07532353	-
chr16	86619569	86619571	cg16625119	+
chr16	86707660	86707662	cg00107631	+
chr16	87278341	87278343	cg00284420	-
chr16	87306101	87306103	cg02604730	-
chr16	87518051	87518053	cg07180475	-
chr16	87870973	87870975	cg00858400	-
chr16	88432119	88432121	cg05024961	-
chr16	88881534	88881536	cg02192204	-
chr16	88882958	88882960	cg02216032	+
chr16	89052429	89052431	cg00685614	-
chr16	89052962	89052964	cg16783204	-
chr16	89053009	89053011	cg02893550	-
chr16	89053254	89053256	cg08362283	+
chr16	89102880	89102882	cg10398761	-
chr17	1160915	1160917	cg03939709	-
chr17	1186996	1186998	cg23753807	-
chr17	1723214	1723216	cg09433910	+
chr17	1723280	1723282	cg10080732	+
chr17	5584055	5584057	cg00268086	+
chr17	5584637	5584639	cg07442907	+
chr17	7212204	7212206	cg17107626	-
chr17	7316083	7316085	cg12391328	+
chr17	7351351	7351353	cg03666441	-
chr17	7651347	7651349	cg02705837	-
chr17	8226854	8226856	cg16597406	-
chr17	9240520	9240522	cg00864474	-
chr17	10195047	10195049	cg25379762	-
chr17	13377365	13377367	cg14244915	-
chr17	16420166	16420168	cg09093656	-
chr17	17738932	17738934	cg12581691	-
chr17	17958834	17958836	cg04273763	+
chr17	17972485	17972487	cg24612305	-
chr17	20073506	20073508	cg23764603	-
chr17	27544763	27544765	cg04911139	-
chr17	28372165	28372167	cg05854644	+
chr17	28721689	28721691	cg15036326	-
chr17	28926119	28926121	cg22149419	+
chr17	29566068	29566070	cg04528771	+
chr17	36487018	36487020	cg27614186	-
chr17	36934858	36934860	cg23402821	-
chr17	36946086	36946088	cg05519187	-
chr17	37107638	37107640	cg10295552	+
chr17	37639881	37639883	cg17555102	-
chr17	38561961	38561963	cg22320365	-
chr17	39699963	39699965	cg23731030	+
chr17	39737760	39737762	cg14263391	+
chr17	39738143	39738145	cg11183072	-
chr17	40191457	40191459	cg00129651	-
chr17	40322554	40322556	cg08580254	+
chr17	40347849	40347851	cg19709355	-
chr17	40561022	40561024	cg07248223	-
chr17	41651648	41651650	cg00618626	+
chr17	42194260	42194262	cg06306927	-
chr17	42563209	42563211	cg19618279	-
chr17	45241242	45241244	cg19735250	+
chr17	46769901	46769903	cg16677019	-
chr17	46770060	46770062	cg19711530	+
chr17	46974325	46974327	cg24434387	-
chr17	48568609	48568611	cg07850987	+
chr17	48579327	48579329	cg02132714	-
chr17	48592418	48592420	cg25365260	+
chr17	49763472	49763474	cg00113554	-
chr17	49969758	49969760	cg08039704	+
chr17	50101874	50101876	cg26768556	+
chr17	50107874	50107876	cg02400595	-
chr17	50469258	50469260	cg06818777	+
chr17	50893639	50893641	cg01135464	-
chr17	54901221	54901223	cg27210390	-
chr17	55750391	55750393	cg08264507	-
chr17	57045466	57045468	cg02486253	+
chr17	57663102	57663104	cg03233624	+
chr17	57874701	57874703	cg07665510	+
chr17	58277232	58277234	cg00473501	-
chr17	59840900	59840902	cg27023597	-
chr17	61401217	61401219	cg11631427	-
chr17	61457891	61457893	cg07265743	-
chr17	62680659	62680661	cg12039583	+
chr17	73262796	73262798	cg03101058	+
chr17	74584874	74584876	cg16010911	-
chr17	75124881	75124883	cg02186444	-
chr17	75640103	75640105	cg05991442	+
chr17	76515636	76515638	cg10616974	+
chr17	78854173	78854175	cg15010903	+
chr17	78854183	78854185	cg01502428	-
chr17	78854194	78854196	cg01761758	-
chr17	80444161	80444163	cg04305399	+
chr17	80761795	80761797	cg16565901	-
chr17	80891286	80891288	cg10035831	+
chr17	81043620	81043622	cg20478261	-
chr17	81050286	81050288	cg09043456	+
chr17	81285735	81285737	cg16863795	+
chr17	81296083	81296085	cg00466249	+
chr17	81392404	81392406	cg05280806	-
chr17	81403864	81403866	cg07855465	-
chr17	81867804	81867806	cg10236857	+
chr17	82232156	82232158	cg23224090	+
chr17	82236699	82236701	cg15437741	+
chr17	82245084	82245086	cg21369801	+
chr17	82583772	82583774	cg24220178	+
chr17	82875761	82875763	cg07409471	-
chr17	83075666	83075668	cg12658387	-
chr18	713199	713201	cg16112050	+
chr18	905250	905252	cg14200170	+
chr18	2917510	2917512	cg20404260	+
chr18	7117321	7117323	cg12072964	-
chr18	10589152	10589154	cg05000761	+
chr18	10589171	10589173	cg16765600	+
chr18	13375474	13375476	cg26700919	+
chr18	23134252	23134254	cg00455327	+
chr18	23134531	23134533	cg20786131	-
chr18	23231835	23231837	cg25221092	-
chr18	23871642	23871644	cg16113793	-
chr18	23872854	23872856	cg13270625	-
chr18	46265417	46265419	cg05520141	+
chr18	46757958	46757960	cg23129478	-
chr18	46946792	46946794	cg05498007	-
chr18	47251649	47251651	cg26938597	+
chr18	48934831	48934833	cg11909137	+
chr18	52341805	52341807	cg20917891	+
chr18	57440522	57440524	cg24771804	-
chr18	57440835	57440837	cg00196827	-
chr18	58045950	58045952	cg14914822	-
chr18	63476692	63476694	cg20490031	+
chr18	63476711	63476713	cg19022006	+
chr18	63476727	63476729	cg11862144	+
chr18	63476759	63476761	cg26753302	-
chr18	63476916	63476918	cg21807034	+
chr18	63476943	63476945	cg20837735	+
chr18	63587326	63587328	cg18121684	-
chr18	69402883	69402885	cg19513940	+
chr18	79785135	79785137	cg00683329	+
chr19	851649	851651	cg01963696	-
chr19	856106	856108	cg19628469	+
chr19	1169138	1169140	cg27409514	-
chr19	1491082	1491084	cg08610201	+
chr19	1496416	1496418	cg02300825	+
chr19	1753636	1753638	cg15527348	+
chr19	2095466	2095468	cg02010738	+
chr19	2529023	2529025	cg24339704	-
chr19	2588630	2588632	cg02309655	-
chr19	4327108	4327110	cg10012059	-
chr19	6333575	6333577	cg12999109	+
chr19	7619581	7619583	cg02383368	-
chr19	9407181	9407183	cg23891996	-
chr19	9498745	9498747	cg19254119	+
chr19	9819274	9819276	cg09483781	+
chr19	10270900	10270902	cg03342114	-
chr19	11406402	11406404	cg24937727	-
chr19	11406475	11406477	cg02774542	-
chr19	11406583	11406585	cg17848054	-
chr19	12092213	12092215	cg20773651	+
chr19	13013961	13013963	cg24102622	-
chr19	13014466	13014468	cg17928147	+
chr19	13017058	13017060	cg25556035	+
chr19	13978471	13978473	cg06905453	+
chr19	13978817	13978819	cg00010445	+
chr19	13978898	13978900	cg18642503	+
chr19	14149838	14149840	cg15417798	+
chr19	14440033	14440035	cg03087897	+
chr19	14979462	14979464	cg04704053	-
chr19	15233374	15233376	cg21595709	-
chr19	15233427	15233429	cg24745495	+
chr19	16325859	16325861	cg04324758	-
chr19	16493277	16493279	cg25496680	+
chr19	17405519	17405521	cg16363586	+
chr19	17405632	17405634	cg11558551	-
chr19	18149519	18149521	cg24137511	+
chr19	19256274	19256276	cg11781421	+
chr19	20565809	20565811	cg11948055	-
chr19	32718504	32718506	cg05664613	-
chr19	35003389	35003391	cg25450266	+
chr19	35116316	35116318	cg21304163	-
chr19	35248698	35248700	cg22255130	-
chr19	35350677	35350679	cg24479552	-
chr19	35449959	35449961	cg15479752	-
chr19	35844241	35844243	cg09510559	-
chr19	36009591	36009593	cg08879172	+
chr19	36152669	36152671	cg15176213	-
chr19	37817416	37817418	cg27353143	-
chr19	38265741	38265743	cg17344048	+
chr19	38596282	38596284	cg05258935	-
chr19	38976075	38976077	cg10742957	-
chr19	39336286	39336288	cg17514766	+
chr19	39408735	39408737	cg05209306	+
chr19	39970716	39970718	cg14664575	+
chr19	40365789	40365791	cg10274022	-
chr19	40719099	40719101	cg21869046	+
chr19	41368024	41368026	cg13736811	-
chr19	41911512	41911514	cg01515534	-
chr19	42199610	42199612	cg11721464	-
chr19	43820745	43820747	cg25732462	+
chr19	43951124	43951126	cg14970029	+
chr19	45091234	45091236	cg08436089	+
chr19	45250310	45250312	cg19309009	+
chr19	45406454	45406456	cg07719100	-
chr19	47406850	47406852	cg22676212	+
chr19	47886304	47886306	cg19139729	+
chr19	48271382	48271384	cg14782471	+
chr19	48321364	48321366	cg07925085	+
chr19	50188183	50188185	cg16003601	-
chr19	50666402	50666404	cg17826344	+
chr19	52535718	52535720	cg22455450	+
chr19	52536190	52536192	cg20618441	+
chr19	52897291	52897293	cg19660239	+
chr19	53308572	53308574	cg14713139	-
chr19	54465321	54465323	cg02928664	+
chr19	54815778	54815780	cg07678669	-
chr19	55476659	55476661	cg04685880	+
chr19	55684098	55684100	cg19437852	+
chr19	55987981	55987983	cg14571622	+
chr19	56594244	56594246	cg22607995	+
chr19	56663674	56663676	cg08431567	+
chr19	56665080	56665082	cg06451054	-
chr19	57107067	57107069	cg27288226	-
chr19	57708711	57708713	cg03142586	-
chr19	57709125	57709127	cg21790626	-
chr19	57709147	57709149	cg27049766	-
chr19	58228886	58228888	cg21155461	+
chr20	663657	663659	cg24595510	+
chr20	1892849	1892851	cg09828641	-
chr20	3888937	3888939	cg11081723	+
chr20	6123567	6123569	cg09539538	-
chr20	11890747	11890749	cg12894649	+
chr20	20034835	20034837	cg03103549	+
chr20	21517461	21517463	cg17651959	-
chr20	31861698	31861700	cg15525341	+
chr20	36541135	36541137	cg18660345	-
chr20	36876107	36876109	cg00414077	-
chr20	38833830	38833832	cg02811473	-
chr20	44810758	44810760	cg20498414	+
chr20	45174582	45174584	cg19931348	+
chr20	46118304	46118306	cg01943874	-
chr20	49188598	49188600	cg08514994	+
chr20	50844591	50844593	cg15838320	+
chr20	57385463	57385465	cg08722200	+
chr20	59011282	59011284	cg07980854	+
chr20	62427654	62427656	cg17565967	-
chr20	62427800	62427802	cg17976205	+
chr20	63534241	63534243	cg24065690	+
chr20	63537109	63537111	cg13520525	-
chr20	63653134	63653136	cg03524572	-
chr21	5057062	5057064	cg15348679	+
chr21	35026928	35026930	cg11498607	-
chr21	35026960	35026962	cg04228935	-
chr21	35049169	35049171	cg01519261	-
chr21	35049174	35049176	cg04915566	-
chr21	36710312	36710314	cg24080247	-
chr21	41765513	41765515	cg02797195	-
chr21	41765642	41765644	cg13818316	-
chr21	41778270	41778272	cg21863949	-
chr21	43063493	43063495	cg00717080	-
chr21	44293835	44293837	cg26472802	+
chr21	45019426	45019428	cg08846592	-
chr21	45420150	45420152	cg17611512	-
chr21	46155583	46155585	cg09436823	-
chr22	18048476	18048478	cg25257671	+
chr22	19479289	19479291	cg02396172	-
chr22	29581687	29581689	cg00939432	-
chr22	30080462	30080464	cg01141459	+
chr22	30459344	30459346	cg15193228	-
chr22	30940797	30940799	cg23825480	-
chr22	36410368	36410370	cg02156296	-
chr22	36410397	36410399	cg01619929	-
chr22	36410534	36410536	cg03023089	-
chr22	38110763	38110765	cg11744966	+
chr22	38794376	38794378	cg07837516	-
chr22	39317012	39317014	cg18553840	-
chr22	42615004	42615006	cg01969837	-
chr22	44312913	44312915	cg23509574	-
chr22	45240435	45240437	cg04829994	+
chr22	46077193	46077195	cg17342469	+
chr22	46674353	46674355	cg20568305	+
chr22	48489693	48489695	cg19030607	+
chr22	49829924	49829926	cg00791190	+
chr22	50011090	50011092	cg14913695	-
chr22	50219477	50219479	cg19851816	+
chr22	50603926	50603928	cg09877744	-
