chrom	chromStart	chromEnd	probeID	probe_strand	dmc_direction
chr1	1422728	1422730	cg12286462	-	hypomethylated
chr1	2903604	2903606	cg13874287	-	hypomethylated
chr1	2917474	2917476	cg06316219	+	hypomethylated
chr1	2961889	2961891	cg16298813	-	hypomethylated
chr1	3290974	3290976	cg15823330	+	hypomethylated
chr1	3437868	3437870	cg13479148	+	hypomethylated
chr1	4772488	4772490	cg10400362	-	hypomethylated
chr1	4781879	4781881	cg26353694	+	hypomethylated
chr1	5886267	5886269	cg05962033	+	hypomethylated
chr1	6089046	6089048	cg24152353	+	hypomethylated
chr1	7770042	7770044	cg13488186	+	hypomethylated
chr1	9604336	9604338	cg03741850	-	hypomethylated
chr1	10624281	10624283	cg24502224	+	hypomethylated
chr1	13061214	13061216	cg15980363	+	hypomethylated
chr1	13116741	13116743	cg00906794	+	hypomethylated
chr1	153030285	153030287	cg18771659	-	hypomethylated
chr1	153042479	153042481	cg18087023	-	hypomethylated
chr1	153311235	153311237	cg08244156	+	hypomethylated
chr1	157841512	157841514	cg01637734	-	hypomethylated
chr1	158291360	158291362	cg09149672	-	hypomethylated
chr1	158353050	158353052	cg10976626	-	hypomethylated
chr1	158420858	158420860	cg26151206	-	hypomethylated
chr1	158547698	158547700	cg24440526	-	hypomethylated
chr1	158700333	158700335	cg00119186	+	hypomethylated
chr1	159714022	159714024	cg01365152	+	hypomethylated
chr1	166989084	166989086	cg11336590	+	hypomethylated
chr1	171339505	171339507	cg04402078	+	hypomethylated
chr1	181798472	181798474	cg02913918	-	hypomethylated
chr1	198938532	198938534	cg19639967	+	hypomethylated
chr1	207469592	207469594	cg17504886	-	hypomethylated
chr1	213016430	213016432	cg24410391	-	hypomethylated
chr1	240711645	240711647	cg02079463	+	hypomethylated
chr1	240823211	240823213	cg09509553	+	hypomethylated
chr1	243979482	243979484	cg24068020	+	hypomethylated
chr1	247451424	247451426	cg14422922	-	hypomethylated
chr1	247758184	247758186	cg03773882	-	hypomethylated
chr1	247815488	247815490	cg16027403	-	hypomethylated
chr1	247841943	247841945	cg11606050	-	hypomethylated
chr1	248122633	248122635	cg18964985	+	hypomethylated
chr1	248488539	248488541	cg06832985	+	hypomethylated
chr1	248521326	248521328	cg07395806	-	hypomethylated
chr1	248559538	248559540	cg02064848	-	hypomethylated
chr1	248650853	248650855	cg26396278	-	hypomethylated
chr2	466989	466991	cg21124476	+	hypomethylated
chr2	497416	497418	cg06417878	-	hypomethylated
chr2	503775	503777	cg16354775	-	hypomethylated
chr2	522385	522387	cg07684460	-	hypomethylated
chr2	582543	582545	cg05932184	-	hypomethylated
chr2	720851	720853	cg12544663	-	hypomethylated
chr2	880259	880261	cg04682087	-	hypomethylated
chr2	915631	915633	cg12649374	-	hypomethylated
chr2	1022359	1022361	cg02096296	-	hypomethylated
chr2	1207761	1207763	cg25421716	-	hypomethylated
chr2	1233921	1233923	cg09462763	+	hypomethylated
chr2	1273051	1273053	cg20594671	-	hypomethylated
chr2	1287677	1287679	cg11901695	+	hypomethylated
chr2	1354911	1354913	cg01445411	+	hypomethylated
chr2	1422295	1422297	cg10531568	+	hypomethylated
chr2	1484865	1484867	cg14935163	+	hypomethylated
chr2	1610434	1610436	cg12279175	-	hypomethylated
chr2	1839087	1839089	cg09446465	+	hypomethylated
chr2	1876101	1876103	cg10256733	+	hypomethylated
chr2	1887294	1887296	cg14328535	-	hypomethylated
chr2	1922593	1922595	cg02966841	-	hypomethylated
chr2	1979711	1979713	cg17918270	-	hypomethylated
chr2	2185428	2185430	cg15225844	+	hypomethylated
chr2	2566510	2566512	cg22683010	+	hypomethylated
chr2	2728760	2728762	cg24984629	+	hypomethylated
chr2	2733505	2733507	cg08440178	-	hypomethylated
chr2	2795597	2795599	cg24779831	-	hypomethylated
chr2	2872191	2872193	cg04521724	-	hypomethylated
chr2	2889959	2889961	cg13485248	-	hypomethylated
chr2	3840799	3840801	cg06144418	+	hypomethylated
chr2	4003104	4003106	cg24215159	+	hypomethylated
chr2	4003128	4003130	cg19006220	+	hypomethylated
chr2	4136536	4136538	cg22322870	-	hypomethylated
chr2	4656231	4656233	cg22853943	+	hypomethylated
chr2	5444414	5444416	cg25801636	-	hypomethylated
chr2	6495554	6495556	cg00704227	-	hypomethylated
chr2	21006358	21006360	cg14353278	-	hypomethylated
chr2	79085097	79085099	cg12393275	-	hypomethylated
chr2	81195238	81195240	cg11856334	+	hypomethylated
chr2	84290349	84290351	cg00183606	-	hypomethylated
chr2	97792928	97792930	cg06682454	+	hypomethylated
chr2	100393465	100393467	cg18845236	+	hypomethylated
chr2	112978466	112978468	cg26759925	+	hypomethylated
chr2	118942452	118942454	cg02431964	-	hypomethylated
chr2	128736103	128736105	cg02141726	+	hypomethylated
chr2	128899942	128899944	cg19486175	-	hypomethylated
chr2	129754584	129754586	cg07310849	+	hypomethylated
chr2	199558354	199558356	cg16654216	-	hypomethylated
chr2	217600971	217600973	cg11770920	-	hypomethylated
chr2	228017636	228017638	cg06392126	-	hypomethylated
chr2	229025885	229025887	cg17804911	+	hypomethylated
chr2	237371870	237371872	cg17725364	-	hypomethylated
chr2	241709345	241709347	cg02968760	+	hypomethylated
chr2	241824232	241824234	cg19384073	-	hypomethylated
chr2	241852788	241852790	cg09319815	+	hypomethylated
chr3	3844557	3844559	cg20438207	+	hypomethylated
chr3	13637665	13637667	cg11630135	-	hypomethylated
chr3	26346535	26346537	cg01806088	+	hypomethylated
chr3	38793784	38793786	cg05776787	-	hypomethylated
chr3	38895812	38895814	cg18781372	+	hypomethylated
chr3	41198156	41198158	cg09489743	-	hypomethylated
chr3	56683691	56683693	cg17036744	-	hypomethylated
chr3	87990883	87990885	cg12775613	+	hypomethylated
chr3	109316557	109316559	cg01895333	+	hypomethylated
chr3	109316621	109316623	cg11759378	+	hypomethylated
chr3	111541354	111541356	cg04881457	-	hypomethylated
chr3	122886507	122886509	cg02914790	-	hypomethylated
chr3	130439593	130439595	cg18090577	-	hypomethylated
chr3	150520585	150520587	cg12297066	-	hypomethylated
chr3	169822290	169822292	cg23081534	-	hypomethylated
chr3	185553594	185553596	cg16255307	+	hypomethylated
chr3	185559990	185559992	cg23036949	+	hypomethylated
chr3	193379960	193379962	cg24935655	-	hypomethylated
chr4	626075	626077	cg02237540	+	hypomethylated
chr4	1028673	1028675	cg18123043	-	hypomethylated
chr4	5456825	5456827	cg01530024	-	hypomethylated
chr4	6035718	6035720	cg07635567	+	hypomethylated
chr4	6535492	6535494	cg13895771	-	hypomethylated
chr4	8366758	8366760	cg08906576	+	hypomethylated
chr4	74970647	74970649	cg25219728	+	hypomethylated
chr4	79408331	79408333	cg26226487	+	hypomethylated
chr4	182793263	182793265	cg13131878	-	hypomethylated
chr4	184016807	184016809	cg01104377	+	hypomethylated
chr5	601092	601094	cg08391380	+	hypomethylated
chr5	676668	676670	cg02371401	+	hypomethylated
chr5	1177189	1177191	cg06999799	-	hypomethylated
chr5	1193686	1193688	cg09900986	-	hypomethylated
chr5	1232429	1232431	cg02830714	+	hypomethylated
chr5	1430410	1430412	cg24178621	-	hypomethylated
chr5	1706201	1706203	cg07719674	-	hypomethylated
chr5	1728327	1728329	cg17244238	+	hypomethylated
chr5	1826882	1826884	cg09825153	+	hypomethylated
chr5	1839516	1839518	cg23948236	-	hypomethylated
chr5	1859649	1859651	cg22514112	-	hypomethylated
chr5	2207061	2207063	cg18875975	+	hypomethylated
chr5	2371841	2371843	cg01043336	-	hypomethylated
chr5	2668456	2668458	cg05523057	+	hypomethylated
chr5	2668714	2668716	cg23407804	-	hypomethylated
chr5	3346695	3346697	cg13671900	-	hypomethylated
chr5	3346706	3346708	cg19851481	-	hypomethylated
chr5	3823270	3823272	cg06482220	-	hypomethylated
chr5	5146206	5146208	cg06434454	+	hypomethylated
chr5	6337316	6337318	cg26874163	-	hypomethylated
chr5	6411644	6411646	cg21057643	-	hypomethylated
chr5	10973580	10973582	cg04216310	+	hypomethylated
chr5	12794687	12794689	cg12912529	+	hypomethylated
chr5	13769829	13769831	cg07548982	-	hypomethylated
chr5	17275673	17275675	cg01860297	-	hypomethylated
chr5	24170176	24170178	cg14788768	+	hypomethylated
chr5	35946082	35946084	cg02041108	+	hypomethylated
chr5	94396311	94396313	cg25236382	+	hypomethylated
chr5	121851893	121851895	cg21588562	-	hypomethylated
chr5	130995254	130995256	cg10547893	-	hypomethylated
chr5	157058221	157058223	cg07320595	-	hypomethylated
chr5	168772858	168772860	cg14504291	-	hypomethylated
chr5	168845284	168845286	cg19755833	-	hypomethylated
chr5	172296353	172296355	cg06563640	+	hypomethylated
chr6	224338	224340	cg20665464	-	hypomethylated
chr6	387095	387097	cg01083223	-	hypomethylated
chr6	1516407	1516409	cg01682157	-	hypomethylated
chr6	4482755	4482757	cg09394681	-	hypomethylated
chr6	19143934	19143936	cg03636964	+	hypomethylated
chr6	28514889	28514891	cg15899461	-	hypomethylated
chr6	29306318	29306320	cg03564455	-	hypomethylated
chr6	29397185	29397187	cg08862210	+	hypomethylated
chr6	29603690	29603692	cg15136600	+	hypomethylated
chr6	30112411	30112413	cg05846044	-	hypomethylated
chr6	31122492	31122494	cg26756125	+	hypomethylated
chr6	31866188	31866190	cg11637059	+	hypomethylated
chr6	31960282	31960284	cg06351503	-	hypomethylated
chr6	32089023	32089025	cg18321529	-	hypomethylated
chr6	32155873	32155875	cg27631107	+	hypomethylated
chr6	49787295	49787297	cg01620077	+	hypomethylated
chr6	83524219	83524221	cg05453816	+	hypomethylated
chr6	148965193	148965195	cg19757131	-	hypomethylated
chr6	159375392	159375394	cg08590257	-	hypomethylated
chr6	159906969	159906971	cg08784110	+	hypomethylated
chr6	165726545	165726547	cg14006515	-	hypomethylated
chr6	166530702	166530704	cg01259329	-	hypomethylated
chr6	168553897	168553899	cg12679792	-	hypomethylated
chr6	168729471	168729473	cg17923210	+	hypomethylated
chr6	169140684	169140686	cg06244947	-	hypomethylated
chr6	169169041	169169043	cg11251177	+	hypomethylated
chr6	170221389	170221391	cg05024916	-	hypomethylated
chr7	636422	636424	cg18847089	-	hypomethylated
chr7	1411568	1411570	cg11414017	+	hypomethylated
chr7	1421243	1421245	cg07722840	+	hypomethylated
chr7	1700553	1700555	cg08847944	+	hypomethylated
chr7	2919470	2919472	cg13106306	-	hypomethylated
chr7	3034770	3034772	cg19460453	+	hypomethylated
chr7	3990405	3990407	cg21053935	-	hypomethylated
chr7	4269106	4269108	cg22054364	+	hypomethylated
chr7	4712274	4712276	cg07554986	-	hypomethylated
chr7	4822388	4822390	cg04594483	-	hypomethylated
chr7	5083255	5083257	cg04385765	+	hypomethylated
chr7	5299200	5299202	cg05101809	-	hypomethylated
chr7	5303261	5303263	cg17230640	-	hypomethylated
chr7	26364181	26364183	cg12965553	-	hypomethylated
chr7	27491809	27491811	cg17837894	+	hypomethylated
chr7	36919750	36919752	cg12570246	-	hypomethylated
chr7	42406575	42406577	cg27332053	-	hypomethylated
chr7	50093534	50093536	cg09921682	+	hypomethylated
chr7	53035593	53035595	cg10791343	-	hypomethylated
chr7	53035882	53035884	cg14794023	-	hypomethylated
chr7	53187531	53187533	cg19907438	-	hypomethylated
chr7	54075010	54075012	cg06548369	+	hypomethylated
chr7	54569162	54569164	cg12509442	+	hypomethylated
chr7	64207215	64207217	cg21811549	+	hypomethylated
chr7	72448606	72448608	cg18964630	+	hypomethylated
chr7	82657061	82657063	cg03644984	+	hypomethylated
chr7	102447283	102447285	cg16177250	+	hypomethylated
chr7	118224619	118224621	cg16192029	-	hypomethylated
chr7	127616865	127616867	cg01999908	-	hypomethylated
chr7	141930000	141930002	cg21308760	-	hypomethylated
chr7	142308488	142308490	cg08865560	-	hypomethylated
chr7	142667475	142667477	cg17340556	+	hypomethylated
chr7	142862438	142862440	cg12251828	-	hypomethylated
chr7	143027509	143027511	cg02351199	+	hypomethylated
chr7	145698628	145698630	cg23149825	-	hypomethylated
chr7	147559030	147559032	cg02515354	-	hypomethylated
chr7	147559170	147559172	cg07299645	-	hypomethylated
chr7	150477418	150477420	cg17995495	-	hypomethylated
chr7	150513891	150513893	cg15704358	+	hypomethylated
chr7	151856733	151856735	cg24251111	-	hypomethylated
chr7	155788716	155788718	cg18116285	-	hypomethylated
chr7	156075150	156075152	cg24045038	-	hypomethylated
chr7	156104741	156104743	cg24838949	-	hypomethylated
chr7	157040169	157040171	cg22608082	+	hypomethylated
chr7	157260380	157260382	cg11538176	+	hypomethylated
chr7	157369507	157369509	cg13858484	+	hypomethylated
chr7	157548924	157548926	cg08572454	-	hypomethylated
chr7	157552395	157552397	cg14051111	-	hypomethylated
chr7	157574844	157574846	cg17527969	+	hypomethylated
chr7	157598604	157598606	cg04605940	+	hypomethylated
chr7	157617501	157617503	cg20899329	+	hypomethylated
chr7	157641490	157641492	cg16433587	+	hypomethylated
chr7	157654841	157654843	cg11380223	+	hypomethylated
chr7	157675389	157675391	cg02478172	-	hypomethylated
chr7	157720199	157720201	cg27611274	-	hypomethylated
chr7	157735179	157735181	cg04670922	-	hypomethylated
chr7	157751887	157751889	cg18843944	-	hypomethylated
chr7	157775649	157775651	cg27143007	+	hypomethylated
chr7	157812876	157812878	cg01239704	+	hypomethylated
chr7	157851041	157851043	cg07491199	-	hypomethylated
chr7	157937469	157937471	cg13071778	+	hypomethylated
chr7	157945594	157945596	cg08414888	-	hypomethylated
chr7	157951623	157951625	cg27104173	-	hypomethylated
chr7	158042253	158042255	cg07306108	-	hypomethylated
chr7	158062000	158062002	cg05439204	-	hypomethylated
chr7	158062079	158062081	cg02470440	-	hypomethylated
chr7	158075541	158075543	cg26170014	-	hypomethylated
chr7	158080094	158080096	cg14743683	+	hypomethylated
chr7	158080806	158080808	cg02773779	-	hypomethylated
chr7	158083607	158083609	cg10769178	+	hypomethylated
chr7	158098634	158098636	cg07879612	-	hypomethylated
chr7	158123586	158123588	cg01718785	-	hypomethylated
chr7	158126956	158126958	cg26967186	-	hypomethylated
chr7	158140278	158140280	cg22795123	+	hypomethylated
chr7	158140661	158140663	cg25120425	+	hypomethylated
chr7	158156481	158156483	cg22791324	-	hypomethylated
chr7	158165356	158165358	cg25354206	-	hypomethylated
chr7	158165568	158165570	cg18889973	-	hypomethylated
chr7	158165606	158165608	cg14632918	-	hypomethylated
chr7	158192420	158192422	cg08246366	+	hypomethylated
chr7	158300584	158300586	cg27014435	-	hypomethylated
chr7	158321111	158321113	cg20797106	+	hypomethylated
chr7	158424164	158424166	cg25045630	+	hypomethylated
chr7	158474563	158474565	cg17646855	+	hypomethylated
chr7	158544125	158544127	cg08546120	-	hypomethylated
chr7	158556748	158556750	cg18159323	-	hypomethylated
chr7	158974134	158974136	cg07130601	-	hypomethylated
chr7	158999505	158999507	cg06515745	+	hypomethylated
chr7	159065816	159065818	cg01290718	-	hypomethylated
chr7	159158500	159158502	cg04358516	+	hypomethylated
chr8	899829	899831	cg21772735	+	hypomethylated
chr8	905041	905043	cg18984833	+	hypomethylated
chr8	1101727	1101729	cg07333231	-	hypomethylated
chr8	1422160	1422162	cg08919372	+	hypomethylated
chr8	1630872	1630874	cg10831196	+	hypomethylated
chr8	2069451	2069453	cg04146801	+	hypomethylated
chr8	2680809	2680811	cg15239628	+	hypomethylated
chr8	2895259	2895261	cg04640809	-	hypomethylated
chr8	3387389	3387391	cg23345631	+	hypomethylated
chr8	3387624	3387626	cg00246768	+	hypomethylated
chr8	3459370	3459372	cg00552087	+	hypomethylated
chr8	5905467	5905469	cg22901249	-	hypomethylated
chr8	6052422	6052424	cg10061374	-	hypomethylated
chr8	18399940	18399942	cg01029926	-	hypomethylated
chr8	20253302	20253304	cg22321646	+	hypomethylated
chr8	27922138	27922140	cg02128053	-	hypomethylated
chr8	39584455	39584457	cg06544308	-	hypomethylated
chr8	51408288	51408290	cg13274978	-	hypomethylated
chr8	55450087	55450089	cg01558721	-	hypomethylated
chr8	55455529	55455531	cg07244523	+	hypomethylated
chr8	55524211	55524213	cg01525428	-	hypomethylated
chr8	58346550	58346552	cg21287347	+	hypomethylated
chr8	72567943	72567945	cg09433131	-	hypomethylated
chr8	87873240	87873242	cg20100668	-	hypomethylated
chr8	106215761	106215763	cg06339135	-	hypomethylated
chr8	117135294	117135296	cg26687497	-	hypomethylated
chr8	128008172	128008174	cg01084257	-	hypomethylated
chr8	132129425	132129427	cg00905417	-	hypomethylated
chr8	132561116	132561118	cg10830322	-	hypomethylated
chr8	132774728	132774730	cg05307234	-	hypomethylated
chr8	135232982	135232984	cg25053164	+	hypomethylated
chr8	138152391	138152393	cg06276653	-	hypomethylated
chr8	139618872	139618874	cg00111503	-	hypomethylated
chr8	139789951	139789953	cg01659279	-	hypomethylated
chr8	140585245	140585247	cg25071674	+	hypomethylated
chr8	141760668	141760670	cg17159698	+	hypomethylated
chr8	142252292	142252294	cg08957001	+	hypomethylated
chr8	142638247	142638249	cg21225501	-	hypomethylated
chr8	142701166	142701168	cg10802543	+	hypomethylated
chr8	144308266	144308268	cg22989161	-	hypomethylated
chr9	5890899	5890901	cg13411507	-	hypomethylated
chr9	119167233	119167235	cg14614296	+	hypomethylated
chr9	133636649	133636651	cg14301000	+	hypomethylated
chr9	134731983	134731985	cg13639452	+	hypomethylated
chr9	134818314	134818316	cg14350693	+	hypomethylated
chr9	134838496	134838498	cg14581018	-	hypomethylated
chr9	135769151	135769153	cg14239111	+	hypomethylated
chr9	136507136	136507138	cg14178775	+	hypomethylated
chr10	472529	472531	cg00332951	-	hypomethylated
chr10	1671705	1671707	cg16549151	-	hypomethylated
chr10	1707299	1707301	cg15622527	-	hypomethylated
chr10	1727285	1727287	cg12090430	-	hypomethylated
chr10	1808177	1808179	cg09810961	-	hypomethylated
chr10	1993117	1993119	cg15412682	+	hypomethylated
chr10	2328837	2328839	cg07513950	-	hypomethylated
chr10	2624883	2624885	cg04060075	+	hypomethylated
chr10	2949957	2949959	cg14770389	-	hypomethylated
chr10	2981608	2981610	cg26869412	+	hypomethylated
chr10	3015982	3015984	cg12037895	-	hypomethylated
chr10	3287572	3287574	cg06271630	+	hypomethylated
chr10	3941355	3941357	cg24258896	+	hypomethylated
chr10	7097411	7097413	cg25971042	-	hypomethylated
chr10	7172209	7172211	cg19104196	-	hypomethylated
chr10	8161927	8161929	cg07001508	-	hypomethylated
chr10	10952070	10952072	cg17106572	-	hypomethylated
chr10	11344143	11344145	cg12488005	+	hypomethylated
chr10	76887419	76887421	cg11532418	-	hypomethylated
chr10	101793653	101793655	cg12846232	-	hypomethylated
chr10	122699794	122699796	cg17342141	+	hypomethylated
chr10	124496151	124496153	cg26381481	+	hypomethylated
chr10	125025068	125025070	cg17014214	+	hypomethylated
chr10	125683158	125683160	cg17766828	-	hypomethylated
chr10	128325359	128325361	cg00792723	-	hypomethylated
chr10	128502053	128502055	cg07132187	-	hypomethylated
chr10	128708580	128708582	cg11273848	+	hypomethylated
chr10	128709440	128709442	cg21368402	+	hypomethylated
chr10	128721578	128721580	cg13501803	-	hypomethylated
chr10	128991196	128991198	cg19707069	-	hypomethylated
chr10	129392195	129392197	cg01383345	+	hypomethylated
chr10	130046760	130046762	cg02576528	-	hypomethylated
chr10	130747909	130747911	cg06996389	-	hypomethylated
chr10	130833777	130833779	cg08483912	+	hypomethylated
chr10	131202141	131202143	cg11935812	-	hypomethylated
chr10	131260337	131260339	cg07810282	+	hypomethylated
chr10	131528687	131528689	cg19961228	-	hypomethylated
chr10	131676105	131676107	cg05363081	+	hypomethylated
chr10	132189246	132189248	cg04064828	+	hypomethylated
chr10	132663936	132663938	cg03647436	-	hypomethylated
chr10	132817635	132817637	cg09837243	+	hypomethylated
chr10	132880846	132880848	cg16221555	+	hypomethylated
chr10	132921107	132921109	cg00647046	-	hypomethylated
chr10	133098723	133098725	cg26369315	-	hypomethylated
chr10	133180919	133180921	cg08815970	+	hypomethylated
chr10	133340432	133340434	cg17247026	-	hypomethylated
chr11	1445850	1445852	cg07538239	+	hypomethylated
chr11	2168360	2168362	cg25150846	+	hypomethylated
chr11	4585401	4585403	cg03067903	+	hypomethylated
chr11	4683518	4683520	cg23392097	+	hypomethylated
chr11	4804409	4804411	cg15889462	+	hypomethylated
chr11	4881352	4881354	cg19138905	+	hypomethylated
chr11	4907341	4907343	cg23520574	+	hypomethylated
chr11	4987705	4987707	cg05316601	-	hypomethylated
chr11	5324308	5324310	cg22677048	-	hypomethylated
chr11	5516799	5516801	cg09232851	-	hypomethylated
chr11	5580796	5580798	cg14486463	-	hypomethylated
chr11	6170162	6170164	cg16309319	-	hypomethylated
chr11	7848690	7848692	cg20620783	-	hypomethylated
chr11	18956621	18956623	cg27410165	+	hypomethylated
chr11	45706337	45706339	cg23840988	-	hypomethylated
chr11	47337465	47337467	cg14642259	-	hypomethylated
chr11	49433661	49433663	cg18125814	-	hypomethylated
chr11	49893721	49893723	cg23352271	-	hypomethylated
chr11	50260780	50260782	cg08184936	-	hypomethylated
chr11	50278935	50278937	cg24205065	+	hypomethylated
chr11	58838371	58838373	cg16547859	-	hypomethylated
chr11	60515268	60515270	cg25321462	+	hypomethylated
chr11	75403461	75403463	cg13857569	+	hypomethylated
chr11	102955739	102955741	cg22658979	+	hypomethylated
chr11	113273084	113273086	cg20213962	-	hypomethylated
chr11	114242324	114242326	cg04586748	-	hypomethylated
chr11	123755831	123755833	cg17538768	+	hypomethylated
chr11	123943912	123943914	cg08417719	+	hypomethylated
chr11	124311472	124311474	cg00320138	-	hypomethylated
chr11	128810594	128810596	cg17590805	-	hypomethylated
chr11	130209884	130209886	cg13689118	-	hypomethylated
chr11	133900868	133900870	cg23971226	-	hypomethylated
chr12	1834555	1834557	cg06937491	+	hypomethylated
chr12	2504774	2504776	cg12205822	+	hypomethylated
chr12	2679615	2679617	cg20557710	-	hypomethylated
chr12	3951614	3951616	cg02772266	+	hypomethylated
chr12	11269962	11269964	cg00052903	-	hypomethylated
chr12	34335793	34335795	cg26714388	-	hypomethylated
chr12	34341889	34341891	cg01893629	+	hypomethylated
chr12	48481789	48481791	cg10505355	+	hypomethylated
chr12	59688256	59688258	cg11871280	-	hypomethylated
chr12	97491574	97491576	cg00030523	-	hypomethylated
chr12	117030539	117030541	cg17860133	+	hypomethylated
chr12	126442364	126442366	cg26787589	+	hypomethylated
chr12	126442378	126442380	cg18942757	+	hypomethylated
chr12	127761047	127761049	cg03667228	+	hypomethylated
chr12	127880175	127880177	cg05682479	+	hypomethylated
chr12	128415268	128415270	cg07053177	+	hypomethylated
chr12	128415371	128415373	cg18627442	+	hypomethylated
chr12	128415682	128415684	cg01055386	+	hypomethylated
chr12	129700194	129700196	cg11638921	-	hypomethylated
chr12	129700470	129700472	cg20470734	+	hypomethylated
chr12	129936058	129936060	cg25022271	+	hypomethylated
chr12	130434011	130434013	cg18613344	+	hypomethylated
chr12	130474244	130474246	cg11803101	-	hypomethylated
chr12	130545639	130545641	cg09668951	+	hypomethylated
chr12	131139927	131139929	cg05296099	+	hypomethylated
chr12	131459002	131459004	cg03221366	+	hypomethylated
chr12	132053203	132053205	cg19865523	-	hypomethylated
chr12	132168666	132168668	cg06937459	+	hypomethylated
chr12	132192950	132192952	cg07640336	+	hypomethylated
chr12	132777823	132777825	cg15721142	-	hypomethylated
chr12	132784131	132784133	cg15998961	-	hypomethylated
chr13	21919636	21919638	cg27048388	+	hypomethylated
chr13	23901693	23901695	cg11347708	-	hypomethylated
chr13	26046813	26046815	cg24227837	+	hypomethylated
chr13	29480419	29480421	cg24289821	-	hypomethylated
chr13	30428333	30428335	cg12359739	-	hypomethylated
chr13	31005236	31005238	cg22712883	-	hypomethylated
chr13	36215770	36215772	cg08124923	+	hypomethylated
chr13	63812157	63812159	cg25102872	+	hypomethylated
chr13	64959006	64959008	cg06682556	+	hypomethylated
chr13	91174651	91174653	cg24982402	-	hypomethylated
chr13	107034798	107034800	cg22274473	-	hypomethylated
chr13	111402599	111402601	cg07886472	+	hypomethylated
chr13	111623285	111623287	cg22617002	-	hypomethylated
chr13	111766862	111766864	cg05338434	-	hypomethylated
chr13	111956964	111956966	cg02109189	+	hypomethylated
chr13	111977357	111977359	cg19465159	+	hypomethylated
chr13	112241231	112241233	cg26068160	+	hypomethylated
chr13	112245252	112245254	cg03797537	-	hypomethylated
chr13	113042167	113042169	cg14074878	-	hypomethylated
chr13	113671404	113671406	cg23627248	+	hypomethylated
chr14	21635347	21635349	cg07396904	+	hypomethylated
chr14	69769828	69769830	cg18585560	-	hypomethylated
chr14	78243438	78243440	cg13492164	+	hypomethylated
chr14	88136336	88136338	cg00763510	-	hypomethylated
chr14	91732191	91732193	cg17200737	+	hypomethylated
chr14	98635160	98635162	cg01801610	-	hypomethylated
chr14	100732445	100732447	cg18085033	-	hypomethylated
chr14	100735273	100735275	cg18893311	-	hypomethylated
chr14	100926888	100926890	cg02675047	-	hypomethylated
chr14	101025159	101025161	cg12820006	-	hypomethylated
chr14	101030004	101030006	cg24698352	+	hypomethylated
chr14	101043678	101043680	cg02975060	+	hypomethylated
chr14	101044164	101044166	cg11887864	-	hypomethylated
chr14	101049401	101049403	cg03862290	+	hypomethylated
chr14	101052477	101052479	cg06746453	+	hypomethylated
chr14	101055471	101055473	cg09291131	+	hypomethylated
chr14	101055803	101055805	cg03153765	+	hypomethylated
chr14	104152450	104152452	cg14543291	+	hypomethylated
chr14	104154838	104154840	cg01612220	+	hypomethylated
chr14	104164335	104164337	cg11792470	+	hypomethylated
chr14	104173430	104173432	cg01933329	-	hypomethylated
chr14	104388602	104388604	cg01061980	+	hypomethylated
chr14	104451057	104451059	cg13819319	-	hypomethylated
chr14	105600330	105600332	cg23871248	+	hypomethylated
chr14	105722058	105722060	cg10915099	+	hypomethylated
chr14	105854642	105854644	cg13651690	-	hypomethylated
chr14	105970611	105970613	cg13805262	+	hypomethylated
chr15	25198790	25198792	cg11206824	+	hypomethylated
chr15	25204774	25204776	cg13130934	+	hypomethylated
chr15	25235827	25235829	cg00501006	+	hypomethylated
chr15	25269821	25269823	cg18915009	-	hypomethylated
chr15	25708366	25708368	cg07100560	+	hypomethylated
chr15	25781101	25781103	cg11015241	+	hypomethylated
chr15	29118041	29118043	cg21470503	-	hypomethylated
chr15	50546607	50546609	cg01671642	+	hypomethylated
chr15	64382691	64382693	cg26155739	+	hypomethylated
chr15	73443134	73443136	cg17366808	+	hypomethylated
chr15	82692210	82692212	cg23384406	-	hypomethylated
chr15	93425040	93425042	cg13291225	-	hypomethylated
chr15	96776706	96776708	cg26155032	-	hypomethylated
chr15	101817610	101817612	cg27134049	-	hypomethylated
chr16	843799	843801	cg26645225	+	hypomethylated
chr16	1198835	1198837	cg00306728	-	hypomethylated
chr16	1215556	1215558	cg03560850	+	hypomethylated
chr16	2075987	2075989	cg08776331	-	hypomethylated
chr16	2712693	2712695	cg10324810	+	hypomethylated
chr16	7518361	7518363	cg00499781	-	hypomethylated
chr16	7565537	7565539	cg27449328	-	hypomethylated
chr16	9763293	9763295	cg06829391	+	hypomethylated
chr16	19456941	19456943	cg05160554	-	hypomethylated
chr16	20691099	20691101	cg07246873	+	hypomethylated
chr16	24361397	24361399	cg07873449	+	hypomethylated
chr16	29168007	29168009	cg27410383	+	hypomethylated
chr16	59755046	59755048	cg06612122	-	hypomethylated
chr16	78021744	78021746	cg27353957	+	hypomethylated
chr16	81936277	81936279	cg01856023	-	hypomethylated
chr16	85510091	85510093	cg02431851	-	hypomethylated
chr16	86707379	86707381	cg07851269	+	hypomethylated
chr16	89906184	89906186	cg01973164	+	hypomethylated
chr17	296612	296614	cg11794735	-	hypomethylated
chr17	1220541	1220543	cg12102682	-	hypomethylated
chr17	1898477	1898479	cg18433109	+	hypomethylated
chr17	3310264	3310266	cg20615517	-	hypomethylated
chr17	4571861	4571863	cg18409838	-	hypomethylated
chr17	11653249	11653251	cg20811564	-	hypomethylated
chr17	50767690	50767692	cg12235260	+	hypomethylated
chr17	50833819	50833821	cg13375248	-	hypomethylated
chr17	63441189	63441191	cg05474864	-	hypomethylated
chr17	70104423	70104425	cg18432768	-	hypomethylated
chr17	70132633	70132635	cg11310812	-	hypomethylated
chr17	76932750	76932752	cg05338930	+	hypomethylated
chr17	78993882	78993884	cg23225637	-	hypomethylated
chr17	79082435	79082437	cg08857194	+	hypomethylated
chr17	81869292	81869294	cg26074051	-	hypomethylated
chr17	82250214	82250216	cg12503656	-	hypomethylated
chr18	6929790	6929792	cg16919456	-	hypomethylated
chr18	6930087	6930089	cg06303224	-	hypomethylated
chr18	13821885	13821887	cg22369607	+	hypomethylated
chr18	22418962	22418964	cg24445674	-	hypomethylated
chr18	76613854	76613856	cg23553867	+	hypomethylated
chr18	77978898	77978900	cg25816268	+	hypomethylated
chr18	78841646	78841648	cg16859165	+	hypomethylated
chr18	78879478	78879480	cg24134504	+	hypomethylated
chr18	79022765	79022767	cg13402195	-	hypomethylated
chr18	79441971	79441973	cg02714192	+	hypomethylated
chr18	79455490	79455492	cg08157446	-	hypomethylated
chr19	407879	407881	cg02133098	+	hypomethylated
chr19	1440260	1440262	cg03724628	+	hypomethylated
chr19	3983181	3983183	cg10161194	+	hypomethylated
chr19	4555986	4555988	cg06915470	+	hypomethylated
chr19	4555998	4556000	cg25655324	+	hypomethylated
chr19	8589504	8589506	cg16191088	-	hypomethylated
chr19	8605073	8605075	cg21798669	+	hypomethylated
chr19	8841327	8841329	cg26308280	-	hypomethylated
chr19	8982421	8982423	cg05222216	-	hypomethylated
chr19	13255231	13255233	cg00007326	+	hypomethylated
chr19	17648599	17648601	cg21222178	+	hypomethylated
chr19	38485751	38485753	cg24396973	-	hypomethylated
chr19	39935703	39935705	cg22509205	+	hypomethylated
chr19	41689154	41689156	cg07297178	+	hypomethylated
chr19	42005793	42005795	cg12981270	+	hypomethylated
chr19	50799196	50799198	cg01121180	-	hypomethylated
chr19	51032082	51032084	cg15651204	+	hypomethylated
chr19	53689637	53689639	cg18710710	+	hypomethylated
chr19	53716249	53716251	cg08188609	-	hypomethylated
chr19	53721278	53721280	cg03807917	+	hypomethylated
chr19	54983341	54983343	cg27099991	-	hypomethylated
chr19	55738376	55738378	cg07821737	-	hypomethylated
chr19	55947736	55947738	cg00751958	-	hypomethylated
chr19	56812489	56812491	cg25401594	-	hypomethylated
chr20	23752235	23752237	cg20206322	+	hypomethylated
chr20	33236261	33236263	cg01910481	-	hypomethylated
chr20	37204798	37204800	cg06889272	-	hypomethylated
chr20	45297910	45297912	cg01268752	-	hypomethylated
chr20	59933020	59933022	cg21950459	-	hypomethylated
chr20	61394356	61394358	cg25209132	-	hypomethylated
chr20	63406757	63406759	cg27218892	+	hypomethylated
chr21	30756377	30756379	cg11354857	+	hypomethylated
chr21	30882792	30882794	cg10191581	+	hypomethylated
chr21	37202427	37202429	cg19331876	+	hypomethylated
chr21	38256304	38256306	cg13966313	+	hypomethylated
chr21	44683068	44683070	cg14743983	-	hypomethylated
chr22	49613136	49613138	cg24725931	-	hypomethylated
chrX	3317688	3317690	cg24156054	-	hypomethylated
chrX	9764747	9764749	cg04702368	+	hypomethylated
chrX	22272366	22272368	cg02939216	+	hypomethylated
chrX	80573276	80573278	cg25440309	-	hypomethylated
chrX	140784329	140784331	cg08214957	+	hypomethylated
chrX	145995958	145995960	cg05175213	+	hypomethylated
chrX	152733787	152733789	cg06878303	+	hypomethylated
chr1	1246845	1246847	cg25594899	-	hypermethylated
chr1	1540294	1540296	cg16306898	-	hypermethylated
chr1	2003849	2003851	cg26067203	+	hypermethylated
chr1	2050376	2050378	cg22865720	-	hypermethylated
chr1	2205627	2205629	cg03315007	+	hypermethylated
chr1	3068304	3068306	cg00945293	+	hypermethylated
chr1	4654513	4654515	cg17741689	+	hypermethylated
chr1	4656476	4656478	cg02483484	+	hypermethylated
chr1	6424919	6424921	cg03397716	+	hypermethylated
chr1	8217333	8217335	cg07113230	+	hypermethylated
chr1	13584202	13584204	cg05281894	+	hypermethylated
chr1	14598701	14598703	cg25104105	+	hypermethylated
chr1	15758652	15758654	cg04897742	+	hypermethylated
chr1	18108047	18108049	cg21578219	-	hypermethylated
chr1	18110936	18110938	cg24690231	+	hypermethylated
chr1	18632773	18632775	cg00065215	+	hypermethylated
chr1	20186056	20186058	cg24685601	-	hypermethylated
chr1	20552535	20552537	cg03754311	-	hypermethylated
chr1	21814520	21814522	cg15467646	+	hypermethylated
chr1	32753978	32753980	cg17716617	+	hypermethylated
chr1	34929939	34929941	cg17418463	-	hypermethylated
chr1	37034839	37034841	cg19206040	+	hypermethylated
chr1	38045260	38045262	cg08599259	+	hypermethylated
chr1	38578523	38578525	cg23048481	+	hypermethylated
chr1	39789430	39789432	cg03741406	-	hypermethylated
chr1	44407391	44407393	cg04023150	+	hypermethylated
chr1	44418024	44418026	cg15576900	-	hypermethylated
chr1	44784508	44784510	cg04108939	+	hypermethylated
chr1	45327015	45327017	cg15071854	+	hypermethylated
chr1	46167023	46167025	cg27636310	-	hypermethylated
chr1	46485681	46485683	cg19807257	+	hypermethylated
chr1	46491166	46491168	cg09326404	+	hypermethylated
chr1	47232275	47232277	cg25764899	-	hypermethylated
chr1	47416592	47416594	cg19809499	-	hypermethylated
chr1	47438498	47438500	cg04501188	-	hypermethylated
chr1	47533490	47533492	cg22524657	+	hypermethylated
chr1	48776686	48776688	cg06744574	-	hypermethylated
chr1	48776840	48776842	cg11666087	+	hypermethylated
chr1	50427476	50427478	cg13368519	-	hypermethylated
chr1	52602508	52602510	cg20950465	+	hypermethylated
chr1	52633380	52633382	cg11279444	-	hypermethylated
chr1	57423362	57423364	cg19166660	+	hypermethylated
chr1	57423931	57423933	cg03384825	-	hypermethylated
chr1	58249859	58249861	cg04937080	-	hypermethylated
chr1	63327023	63327025	cg13906377	+	hypermethylated
chr1	63327692	63327694	cg22724741	+	hypermethylated
chr1	63330262	63330264	cg10249375	-	hypermethylated
chr1	65003131	65003133	cg00455424	-	hypermethylated
chr1	65266005	65266007	cg00466108	+	hypermethylated
chr1	65793076	65793078	cg00046625	-	hypermethylated
chr1	69568807	69568809	cg14520424	+	hypermethylated
chr1	69569524	69569526	cg00338801	-	hypermethylated
chr1	75134999	75135001	cg25368122	+	hypermethylated
chr1	75135590	75135592	cg19764599	-	hypermethylated
chr1	75615041	75615043	cg07923233	-	hypermethylated
chr1	76074888	76074890	cg21526205	+	hypermethylated
chr1	76867473	76867475	cg13463054	+	hypermethylated
chr1	76868384	76868386	cg18380175	+	hypermethylated
chr1	77281696	77281698	cg23241335	-	hypermethylated
chr1	78046171	78046173	cg04912843	+	hypermethylated
chr1	86156429	86156431	cg12644264	-	hypermethylated
chr1	90707212	90707214	cg03714573	-	hypermethylated
chr1	90717961	90717963	cg13939859	-	hypermethylated
chr1	90718855	90718857	cg14712186	-	hypermethylated
chr1	90725443	90725445	cg20463526	-	hypermethylated
chr1	93681148	93681150	cg14995036	+	hypermethylated
chr1	98045474	98045476	cg00091285	+	hypermethylated
chr1	98049530	98049532	cg03208936	+	hypermethylated
chr1	98054104	98054106	cg09011883	-	hypermethylated
chr1	99005061	99005063	cg19365673	+	hypermethylated
chr1	99264247	99264249	cg03580297	+	hypermethylated
chr1	100539377	100539379	cg14421860	-	hypermethylated
chr1	101237045	101237047	cg18323466	+	hypermethylated
chr1	101997033	101997035	cg00066671	+	hypermethylated
chr1	103108143	103108145	cg26436330	-	hypermethylated
chr1	107141152	107141154	cg07155336	+	hypermethylated
chr1	107965584	107965586	cg05937496	+	hypermethylated
chr1	107965925	107965927	cg06543087	-	hypermethylated
chr1	110130459	110130461	cg01016662	+	hypermethylated
chr1	110150989	110150991	cg13048512	-	hypermethylated
chr1	110674952	110674954	cg01423964	+	hypermethylated
chr1	110675089	110675091	cg07808555	-	hypermethylated
chr1	112955483	112955485	cg12551029	-	hypermethylated
chr1	114153072	114153074	cg27304110	-	hypermethylated
chr1	115337585	115337587	cg19313043	-	hypermethylated
chr1	115828565	115828567	cg15654259	+	hypermethylated
chr1	118987976	118987978	cg04550737	-	hypermethylated
chr1	121184998	121185000	cg18948743	+	hypermethylated
chr1	143643613	143643615	cg24503056	-	hypermethylated
chr1	143972263	143972265	cg07344025	+	hypermethylated
chr1	144324072	144324074	cg07188591	-	hypermethylated
chr1	147084931	147084933	cg16277128	-	hypermethylated
chr1	152111232	152111234	cg24880024	-	hypermethylated
chr1	154502323	154502325	cg25460143	-	hypermethylated
chr1	154999445	154999447	cg10445911	-	hypermethylated
chr1	158180858	158180860	cg12124922	+	hypermethylated
chr1	158181006	158181008	cg04360049	+	hypermethylated
chr1	165445306	165445308	cg22675486	-	hypermethylated
chr1	166165044	166165046	cg21868774	+	hypermethylated
chr1	166884340	166884342	cg26248173	+	hypermethylated
chr1	169427396	169427398	cg00100121	-	hypermethylated
chr1	169427467	169427469	cg00002719	-	hypermethylated
chr1	170661460	170661462	cg04123776	-	hypermethylated
chr1	177171008	177171010	cg04209911	+	hypermethylated
chr1	179575955	179575957	cg06515144	+	hypermethylated
chr1	179743455	179743457	cg20318608	+	hypermethylated
chr1	180235085	180235087	cg05719164	+	hypermethylated
chr1	190476066	190476068	cg10316490	+	hypermethylated
chr1	190478159	190478161	cg23010538	-	hypermethylated
chr1	200042555	200042557	cg05391318	-	hypermethylated
chr1	203627956	203627958	cg13558971	-	hypermethylated
chr1	209806141	209806143	cg12034118	-	hypermethylated
chr1	213982911	213982913	cg17087479	+	hypermethylated
chr1	214187409	214187411	cg27047243	+	hypermethylated
chr1	224930047	224930049	cg20492807	-	hypermethylated
chr1	226100728	226100730	cg21535106	-	hypermethylated
chr1	228446218	228446220	cg00655913	-	hypermethylated
chr1	231161356	231161358	cg15104644	-	hypermethylated
chr1	231162904	231162906	cg27504802	-	hypermethylated
chr1	232805506	232805508	cg15542798	+	hypermethylated
chr1	233905086	233905088	cg25437385	+	hypermethylated
chr1	234214304	234214306	cg00662647	+	hypermethylated
chr1	237041873	237041875	cg07790615	+	hypermethylated
chr1	237042108	237042110	cg18375860	+	hypermethylated
chr1	237042698	237042700	cg07914084	+	hypermethylated
chr1	240092185	240092187	cg25208017	+	hypermethylated
chr1	240612054	240612056	cg06353127	+	hypermethylated
chr1	241424308	241424310	cg15454726	+	hypermethylated
chr1	242890562	242890564	cg27562682	-	hypermethylated
chr1	244730200	244730202	cg20678442	-	hypermethylated
chr2	950323	950325	cg14256587	+	hypermethylated
chr2	1744359	1744361	cg25181651	-	hypermethylated
chr2	1744564	1744566	cg09118932	-	hypermethylated
chr2	6918258	6918260	cg05648183	-	hypermethylated
chr2	10448927	10448929	cg02085210	+	hypermethylated
chr2	20666086	20666088	cg05899618	-	hypermethylated
chr2	26172588	26172590	cg24563094	+	hypermethylated
chr2	29921712	29921714	cg14163665	-	hypermethylated
chr2	31137826	31137828	cg21583226	-	hypermethylated
chr2	38960401	38960403	cg12206199	-	hypermethylated
chr2	40451945	40451947	cg14686012	+	hypermethylated
chr2	40452378	40452380	cg03307465	-	hypermethylated
chr2	44928851	44928853	cg14168530	+	hypermethylated
chr2	44934193	44934195	cg25053336	+	hypermethylated
chr2	44934896	44934898	cg21401879	+	hypermethylated
chr2	44942408	44942410	cg23808946	+	hypermethylated
chr2	45010549	45010551	cg02711647	+	hypermethylated
chr2	47570348	47570350	cg03603951	+	hypermethylated
chr2	47570823	47570825	cg13913015	+	hypermethylated
chr2	54558268	54558270	cg12593303	-	hypermethylated
chr2	66426121	66426123	cg10089527	-	hypermethylated
chr2	68320008	68320010	cg08157672	-	hypermethylated
chr2	74514008	74514010	cg18409528	-	hypermethylated
chr2	78992902	78992904	cg22686854	-	hypermethylated
chr2	79513195	79513197	cg01546568	-	hypermethylated
chr2	80303129	80303131	cg20072442	+	hypermethylated
chr2	85413899	85413901	cg16838838	-	hypermethylated
chr2	86790467	86790469	cg09046939	+	hypermethylated
chr2	94857130	94857132	cg24524352	+	hypermethylated
chr2	95025754	95025756	cg22403344	-	hypermethylated
chr2	98346436	98346438	cg18404308	+	hypermethylated
chr2	98346670	98346672	cg10583000	+	hypermethylated
chr2	98346944	98346946	cg20727142	+	hypermethylated
chr2	100322336	100322338	cg23977631	+	hypermethylated
chr2	102251224	102251226	cg12451869	+	hypermethylated
chr2	104842705	104842707	cg08189989	-	hypermethylated
chr2	104843804	104843806	cg00001747	+	hypermethylated
chr2	104854102	104854104	cg19513834	+	hypermethylated
chr2	104862595	104862597	cg11014373	+	hypermethylated
chr2	106065526	106065528	cg06499647	+	hypermethylated
chr2	106887205	106887207	cg08236767	-	hypermethylated
chr2	107986449	107986451	cg05311412	-	hypermethylated
chr2	115161431	115161433	cg21678377	+	hypermethylated
chr2	115163035	115163037	cg01886957	+	hypermethylated
chr2	118835887	118835889	cg06266613	+	hypermethylated
chr2	119524236	119524238	cg20505223	+	hypermethylated
chr2	127025591	127025593	cg22830113	-	hypermethylated
chr2	131035198	131035200	cg13024709	-	hypermethylated
chr2	131364102	131364104	cg07085827	+	hypermethylated
chr2	136765389	136765391	cg19144684	+	hypermethylated
chr2	142130316	142130318	cg20443778	-	hypermethylated
chr2	143937689	143937691	cg09667303	-	hypermethylated
chr2	144517407	144517409	cg11540007	-	hypermethylated
chr2	144524374	144524376	cg16405026	-	hypermethylated
chr2	148876571	148876573	cg19532257	+	hypermethylated
chr2	148887989	148887991	cg10664112	-	hypermethylated
chr2	153477935	153477937	cg14765646	-	hypermethylated
chr2	153871954	153871956	cg12079322	+	hypermethylated
chr2	153872545	153872547	cg13101087	+	hypermethylated
chr2	154698175	154698177	cg23491599	+	hypermethylated
chr2	156321652	156321654	cg11856078	+	hypermethylated
chr2	161418956	161418958	cg21949512	+	hypermethylated
chr2	161424007	161424009	cg06382344	-	hypermethylated
chr2	161427193	161427195	cg01419831	+	hypermethylated
chr2	162073733	162073735	cg18892517	+	hypermethylated
chr2	163736710	163736712	cg20593611	-	hypermethylated
chr2	167293480	167293482	cg12944197	+	hypermethylated
chr2	172235368	172235370	cg08748100	-	hypermethylated
chr2	174328648	174328650	cg13886334	+	hypermethylated
chr2	174335099	174335101	cg08575330	-	hypermethylated
chr2	176083211	176083213	cg27116912	+	hypermethylated
chr2	176092733	176092735	cg08911275	+	hypermethylated
chr2	176129936	176129938	cg15808943	+	hypermethylated
chr2	176136534	176136536	cg21319323	+	hypermethylated
chr2	181457540	181457542	cg06952671	-	hypermethylated
chr2	181678136	181678138	cg01431993	+	hypermethylated
chr2	186849236	186849238	cg07548607	+	hypermethylated
chr2	190180582	190180584	cg08350814	+	hypermethylated
chr2	191150950	191150952	cg20195812	-	hypermethylated
chr2	191245838	191245840	cg20391764	+	hypermethylated
chr2	192194990	192194992	cg01808545	+	hypermethylated
chr2	197786351	197786353	cg07495363	+	hypermethylated
chr2	200586019	200586021	cg13875120	+	hypermethylated
chr2	212536840	212536842	cg07536926	-	hypermethylated
chr2	218982510	218982512	cg00260634	+	hypermethylated
chr2	222299089	222299091	cg09424526	+	hypermethylated
chr2	236164353	236164355	cg12974388	-	hypermethylated
chr2	236177754	236177756	cg09140778	-	hypermethylated
chr2	236236793	236236795	cg19324714	+	hypermethylated
chr2	237627353	237627355	cg02367660	-	hypermethylated
chr3	197247	197249	cg24307799	+	hypermethylated
chr3	10992814	10992816	cg13142700	+	hypermethylated
chr3	12003986	12003988	cg22839075	+	hypermethylated
chr3	13282631	13282633	cg20168412	-	hypermethylated
chr3	14811151	14811153	cg08263589	-	hypermethylated
chr3	16512958	16512960	cg04066019	-	hypermethylated
chr3	16513402	16513404	cg22623967	-	hypermethylated
chr3	16513871	16513873	cg23718026	-	hypermethylated
chr3	25427910	25427912	cg26124016	-	hypermethylated
chr3	27714108	27714110	cg06088918	-	hypermethylated
chr3	28575190	28575192	cg08700032	-	hypermethylated
chr3	32817914	32817916	cg19127283	+	hypermethylated
chr3	39808920	39808922	cg27549834	+	hypermethylated
chr3	43995635	43995637	cg19509715	+	hypermethylated
chr3	44585045	44585047	cg01139508	+	hypermethylated
chr3	44685576	44685578	cg13348059	-	hypermethylated
chr3	48595191	48595193	cg00158683	+	hypermethylated
chr3	48656448	48656450	cg26386852	-	hypermethylated
chr3	61564704	61564706	cg23069167	+	hypermethylated
chr3	62373716	62373718	cg19227130	+	hypermethylated
chr3	62875466	62875468	cg13491481	+	hypermethylated
chr3	68931795	68931797	cg03186486	-	hypermethylated
chr3	68932714	68932716	cg09868336	-	hypermethylated
chr3	71753442	71753444	cg22823146	-	hypermethylated
chr3	71754406	71754408	cg10172415	-	hypermethylated
chr3	72739157	72739159	cg10804678	-	hypermethylated
chr3	87793095	87793097	cg23039333	+	hypermethylated
chr3	108091513	108091515	cg17216759	-	hypermethylated
chr3	115512653	115512655	cg03556653	-	hypermethylated
chr3	117997464	117997466	cg10029213	+	hypermethylated
chr3	126181081	126181083	cg07330230	-	hypermethylated
chr3	128846074	128846076	cg07398614	-	hypermethylated
chr3	129002040	129002042	cg02604524	-	hypermethylated
chr3	129975643	129975645	cg08195943	+	hypermethylated
chr3	134651076	134651078	cg00329270	-	hypermethylated
chr3	134651096	134651098	cg22889573	-	hypermethylated
chr3	137768238	137768240	cg17823751	+	hypermethylated
chr3	139934730	139934732	cg00134776	-	hypermethylated
chr3	139935029	139935031	cg02315940	+	hypermethylated
chr3	141051840	141051842	cg20979852	+	hypermethylated
chr3	143120735	143120737	cg08774368	-	hypermethylated
chr3	143121148	143121150	cg17373442	-	hypermethylated
chr3	152267907	152267909	cg25165701	+	hypermethylated
chr3	154428078	154428080	cg16619395	-	hypermethylated
chr3	165196648	165196650	cg13619915	+	hypermethylated
chr3	169765106	169765108	cg15494117	-	hypermethylated
chr3	172448443	172448445	cg15987088	+	hypermethylated
chr3	180036694	180036696	cg03175305	-	hypermethylated
chr3	181719510	181719512	cg15057061	+	hypermethylated
chr3	181727200	181727202	cg17202313	-	hypermethylated
chr3	186362455	186362457	cg08675193	+	hypermethylated
chr3	186772554	186772556	cg12435415	+	hypermethylated
chr3	192409059	192409061	cg16366473	+	hypermethylated
chr3	192409170	192409172	cg23207710	+	hypermethylated
chr3	192514287	192514289	cg22834653	-	hypermethylated
chr3	192727710	192727712	cg02403395	-	hypermethylated
chr3	194058450	194058452	cg08825929	+	hypermethylated
chr4	663746	663748	cg14470398	-	hypermethylated
chr4	1402804	1402806	cg27655158	-	hypermethylated
chr4	4386777	4386779	cg13432708	-	hypermethylated
chr4	5711156	5711158	cg01333350	+	hypermethylated
chr4	6472236	6472238	cg18013519	+	hypermethylated
chr4	10461631	10461633	cg11523290	+	hypermethylated
chr4	16083556	16083558	cg13164157	-	hypermethylated
chr4	17781670	17781672	cg02108033	+	hypermethylated
chr4	17781698	17781700	cg27207796	+	hypermethylated
chr4	21948531	21948533	cg07204550	-	hypermethylated
chr4	21948683	21948685	cg24663256	+	hypermethylated
chr4	25655742	25655744	cg19766441	+	hypermethylated
chr4	25655791	25655793	cg07578695	-	hypermethylated
chr4	37245204	37245206	cg11416384	-	hypermethylated
chr4	41256892	41256894	cg07068756	-	hypermethylated
chr4	41751694	41751696	cg25950325	+	hypermethylated
chr4	41751785	41751787	cg00516513	-	hypermethylated
chr4	42152367	42152369	cg05674475	-	hypermethylated
chr4	44448216	44448218	cg10059660	+	hypermethylated
chr4	46389374	46389376	cg25145765	+	hypermethylated
chr4	46993803	46993805	cg16976370	-	hypermethylated
chr4	47032735	47032737	cg06783814	+	hypermethylated
chr4	48270064	48270066	cg06798642	+	hypermethylated
chr4	54227843	54227845	cg00691999	+	hypermethylated
chr4	54231408	54231410	cg23209990	-	hypermethylated
chr4	56505701	56505703	cg04528060	+	hypermethylated
chr4	57110589	57110591	cg19045644	-	hypermethylated
chr4	73836730	73836732	cg10728756	-	hypermethylated
chr4	75630362	75630364	cg14988503	+	hypermethylated
chr4	80185508	80185510	cg04343891	+	hypermethylated
chr4	80202225	80202227	cg14326413	-	hypermethylated
chr4	80202458	80202460	cg22054918	+	hypermethylated
chr4	80265640	80265642	cg05894124	+	hypermethylated
chr4	80266643	80266645	cg02002231	+	hypermethylated
chr4	81214629	81214631	cg00660105	-	hypermethylated
chr4	90127415	90127417	cg26896155	-	hypermethylated
chr4	92305228	92305230	cg02468050	+	hypermethylated
chr4	95548482	95548484	cg09100013	-	hypermethylated
chr4	95549735	95549737	cg21782409	-	hypermethylated
chr4	100190714	100190716	cg08663159	-	hypermethylated
chr4	107036204	107036206	cg01962428	-	hypermethylated
chr4	109302441	109302443	cg25088758	-	hypermethylated
chr4	109302810	109302812	cg11979589	-	hypermethylated
chr4	112523138	112523140	cg12353207	+	hypermethylated
chr4	117085462	117085464	cg21599230	-	hypermethylated
chr4	121380584	121380586	cg19971716	+	hypermethylated
chr4	121765297	121765299	cg04638468	-	hypermethylated
chr4	133147621	133147623	cg04171539	-	hypermethylated
chr4	133149213	133149215	cg02562431	+	hypermethylated
chr4	141133099	141133101	cg18120376	+	hypermethylated
chr4	143700744	143700746	cg10056356	+	hypermethylated
chr4	153760044	153760046	cg02647878	-	hypermethylated
chr4	153788675	153788677	cg05874561	+	hypermethylated
chr4	153789445	153789447	cg25645268	-	hypermethylated
chr4	153792636	153792638	cg22366088	+	hypermethylated
chr4	155667530	155667532	cg27662483	-	hypermethylated
chr4	155667886	155667888	cg17974378	+	hypermethylated
chr4	155759616	155759618	cg06217494	-	hypermethylated
chr4	157076373	157076375	cg08712866	+	hypermethylated
chr4	163332054	163332056	cg09082903	-	hypermethylated
chr4	163344289	163344291	cg10341154	+	hypermethylated
chr4	164956932	164956934	cg12861945	+	hypermethylated
chr4	165874371	165874373	cg10756127	-	hypermethylated
chr4	167233972	167233974	cg21155380	-	hypermethylated
chr4	171813124	171813126	cg03304610	-	hypermethylated
chr4	173529256	173529258	cg19178853	-	hypermethylated
chr4	176001627	176001629	cg08576864	-	hypermethylated
chr4	176001929	176001931	cg21823999	+	hypermethylated
chr4	176066022	176066024	cg27486637	-	hypermethylated
chr4	176066161	176066163	cg08684639	+	hypermethylated
chr4	183905550	183905552	cg11354594	+	hypermethylated
chr5	54147	54149	cg17428242	-	hypermethylated
chr5	528464	528466	cg15131808	-	hypermethylated
chr5	528505	528507	cg14732324	-	hypermethylated
chr5	1445238	1445240	cg27348223	-	hypermethylated
chr5	1445445	1445447	cg04210284	-	hypermethylated
chr5	1445451	1445453	cg27037018	-	hypermethylated
chr5	1667527	1667529	cg15658945	+	hypermethylated
chr5	1883099	1883101	cg24876960	-	hypermethylated
chr5	2751707	2751709	cg08235864	-	hypermethylated
chr5	7396864	7396866	cg09740671	-	hypermethylated
chr5	7850324	7850326	cg02602541	-	hypermethylated
chr5	10565150	10565152	cg22560979	-	hypermethylated
chr5	11384954	11384956	cg06554120	+	hypermethylated
chr5	11904001	11904003	cg07195011	+	hypermethylated
chr5	15500723	15500725	cg14667871	+	hypermethylated
chr5	16179938	16179940	cg00339556	+	hypermethylated
chr5	16179945	16179947	cg01791874	+	hypermethylated
chr5	32711322	32711324	cg07663789	-	hypermethylated
chr5	33936126	33936128	cg18689958	-	hypermethylated
chr5	33936256	33936258	cg13912115	+	hypermethylated
chr5	37839972	37839974	cg18237607	+	hypermethylated
chr5	38257438	38257440	cg03205103	+	hypermethylated
chr5	38258567	38258569	cg26747293	-	hypermethylated
chr5	38556332	38556334	cg12587766	-	hypermethylated
chr5	42992452	42992454	cg21889472	+	hypermethylated
chr5	43397129	43397131	cg10864145	+	hypermethylated
chr5	43604046	43604048	cg09489281	+	hypermethylated
chr5	45696352	45696354	cg05539745	+	hypermethylated
chr5	45696362	45696364	cg19697475	+	hypermethylated
chr5	54883708	54883710	cg13869401	+	hypermethylated
chr5	58583125	58583127	cg23123909	+	hypermethylated
chr5	64506444	64506446	cg17318297	-	hypermethylated
chr5	72108914	72108916	cg16079958	-	hypermethylated
chr5	77210933	77210935	cg08311610	-	hypermethylated
chr5	77637549	77637551	cg18035255	+	hypermethylated
chr5	77972909	77972911	cg13031251	-	hypermethylated
chr5	80035105	80035107	cg00795341	-	hypermethylated
chr5	84383824	84383826	cg07690181	-	hypermethylated
chr5	88674295	88674297	cg27087622	+	hypermethylated
chr5	88889569	88889571	cg10571951	+	hypermethylated
chr5	95962361	95962363	cg20415170	+	hypermethylated
chr5	100903272	100903274	cg03975797	+	hypermethylated
chr5	100903317	100903319	cg26337020	+	hypermethylated
chr5	102296616	102296618	cg06480736	-	hypermethylated
chr5	102296636	102296638	cg04621020	-	hypermethylated
chr5	114056076	114056078	cg17671005	-	hypermethylated
chr5	114362442	114362444	cg12373617	-	hypermethylated
chr5	115816715	115816717	cg16707405	+	hypermethylated
chr5	115816794	115816796	cg08516516	-	hypermethylated
chr5	120464447	120464449	cg22003366	-	hypermethylated
chr5	127290605	127290607	cg03721362	+	hypermethylated
chr5	128538286	128538288	cg06993118	+	hypermethylated
chr5	129460403	129460405	cg09052453	-	hypermethylated
chr5	135930241	135930243	cg13557668	+	hypermethylated
chr5	135930445	135930447	cg01283246	-	hypermethylated
chr5	137498802	137498804	cg14650610	-	hypermethylated
chr5	146877920	146877922	cg20560075	-	hypermethylated
chr5	147509974	147509976	cg07723130	-	hypermethylated
chr5	154483856	154483858	cg07682547	+	hypermethylated
chr5	159100808	159100810	cg00251610	-	hypermethylated
chr5	160311908	160311910	cg11444704	-	hypermethylated
chr5	161548340	161548342	cg16509658	+	hypermethylated
chr5	168529388	168529390	cg14743594	-	hypermethylated
chr5	169301071	169301073	cg11732619	+	hypermethylated
chr5	169637525	169637527	cg23338503	+	hypermethylated
chr5	171313668	171313670	cg06008926	-	hypermethylated
chr5	175657739	175657741	cg17483297	+	hypermethylated
chr5	175873137	175873139	cg23409774	-	hypermethylated
chr5	178590298	178590300	cg25552435	+	hypermethylated
chr5	178590569	178590571	cg23437733	-	hypermethylated
chr5	179344779	179344781	cg14409941	-	hypermethylated
chr5	180590688	180590690	cg18652367	+	hypermethylated
chr6	391742	391744	cg05766140	-	hypermethylated
chr6	391763	391765	cg17228900	-	hypermethylated
chr6	393238	393240	cg21277995	+	hypermethylated
chr6	1311106	1311108	cg17618595	-	hypermethylated
chr6	1383746	1383748	cg05872706	-	hypermethylated
chr6	1390125	1390127	cg02547269	-	hypermethylated
chr6	2841391	2841393	cg25003777	+	hypermethylated
chr6	4775403	4775405	cg25026237	+	hypermethylated
chr6	5851410	5851412	cg20817483	+	hypermethylated
chr6	6004094	6004096	cg24720571	+	hypermethylated
chr6	6007436	6007438	cg11564981	-	hypermethylated
chr6	10882006	10882008	cg14250833	+	hypermethylated
chr6	10886951	10886953	cg26237681	+	hypermethylated
chr6	11043872	11043874	cg13562911	+	hypermethylated
chr6	11044307	11044309	cg22143569	-	hypermethylated
chr6	17281095	17281097	cg09535605	-	hypermethylated
chr6	26043591	26043593	cg27635394	-	hypermethylated
chr6	26087547	26087549	cg19320816	+	hypermethylated
chr6	26171956	26171958	cg01272707	-	hypermethylated
chr6	26189005	26189007	cg21026663	+	hypermethylated
chr6	26250456	26250458	cg15386964	+	hypermethylated
chr6	26271587	26271589	cg01563704	+	hypermethylated
chr6	26614306	26614308	cg03204678	+	hypermethylated
chr6	27096989	27096991	cg11183365	-	hypermethylated
chr6	27097223	27097225	cg12298212	-	hypermethylated
chr6	27157692	27157694	cg02585598	-	hypermethylated
chr6	27238723	27238725	cg14983586	-	hypermethylated
chr6	28399501	28399503	cg25666433	+	hypermethylated
chr6	28399793	28399795	cg25060829	+	hypermethylated
chr6	28443252	28443254	cg07838603	+	hypermethylated
chr6	28542505	28542507	cg26389727	+	hypermethylated
chr6	28587340	28587342	cg15051226	-	hypermethylated
chr6	28635281	28635283	cg14103680	-	hypermethylated
chr6	28674616	28674618	cg01196517	-	hypermethylated
chr6	28794774	28794776	cg11400401	-	hypermethylated
chr6	29724203	29724205	cg26069562	+	hypermethylated
chr6	29792632	29792634	cg14443519	-	hypermethylated
chr6	29793004	29793006	cg11232276	-	hypermethylated
chr6	29926959	29926961	cg26268701	+	hypermethylated
chr6	29927053	29927055	cg05019905	-	hypermethylated
chr6	30007193	30007195	cg16794576	-	hypermethylated
chr6	30451207	30451209	cg15407528	-	hypermethylated
chr6	30744280	30744282	cg10938374	-	hypermethylated
chr6	32255448	32255450	cg17990771	-	hypermethylated
chr6	62286224	62286226	cg22014661	-	hypermethylated
chr6	62286308	62286310	cg18884037	+	hypermethylated
chr6	70956978	70956980	cg16556906	+	hypermethylated
chr6	71886431	71886433	cg02916312	+	hypermethylated
chr6	72621385	72621387	cg05447008	+	hypermethylated
chr6	72621509	72621511	cg11008243	-	hypermethylated
chr6	77463509	77463511	cg23424273	+	hypermethylated
chr6	78910645	78910647	cg18132916	+	hypermethylated
chr6	78910967	78910969	cg11833968	-	hypermethylated
chr6	83709004	83709006	cg21688264	-	hypermethylated
chr6	83709482	83709484	cg17767285	+	hypermethylated
chr6	83709609	83709611	cg05384102	-	hypermethylated
chr6	83853210	83853212	cg08154348	-	hypermethylated
chr6	86937651	86937653	cg14774364	-	hypermethylated
chr6	88167021	88167023	cg14186641	-	hypermethylated
chr6	88167344	88167346	cg04207385	-	hypermethylated
chr6	93419908	93419910	cg06740629	+	hypermethylated
chr6	98831918	98831920	cg17073273	+	hypermethylated
chr6	99602935	99602937	cg04670802	+	hypermethylated
chr6	99603239	99603241	cg06558014	-	hypermethylated
chr6	99607908	99607910	cg19391276	-	hypermethylated
chr6	105136340	105136342	cg25280433	-	hypermethylated
chr6	105136675	105136677	cg14159026	+	hypermethylated
chr6	108164802	108164804	cg21239311	+	hypermethylated
chr6	110358196	110358198	cg25146017	-	hypermethylated
chr6	116765315	116765317	cg02026062	-	hypermethylated
chr6	116765686	116765688	cg07641160	-	hypermethylated
chr6	117907705	117907707	cg11430157	-	hypermethylated
chr6	117908568	117908570	cg01995743	+	hypermethylated
chr6	121437833	121437835	cg17160382	-	hypermethylated
chr6	122996568	122996570	cg18210226	-	hypermethylated
chr6	124963212	124963214	cg06993703	-	hypermethylated
chr6	127119364	127119366	cg01043019	-	hypermethylated
chr6	133241340	133241342	cg11664500	-	hypermethylated
chr6	136791800	136791802	cg13255096	-	hypermethylated
chr6	136920923	136920925	cg26870192	-	hypermethylated
chr6	137498129	137498131	cg19003797	-	hypermethylated
chr6	145815426	145815428	cg23095615	-	hypermethylated
chr6	150037848	150037850	cg03114255	-	hypermethylated
chr6	152636863	152636865	cg23931421	-	hypermethylated
chr6	163413870	163413872	cg09854653	-	hypermethylated
chr6	166008503	166008505	cg00622837	+	hypermethylated
chr6	166098088	166098090	cg05194447	+	hypermethylated
chr6	166168904	166168906	cg06463958	+	hypermethylated
chr7	712511	712513	cg08558397	-	hypermethylated
chr7	1232875	1232877	cg08507422	+	hypermethylated
chr7	3043698	3043700	cg16842053	-	hypermethylated
chr7	3043703	3043705	cg26937500	-	hypermethylated
chr7	3301891	3301893	cg09461837	+	hypermethylated
chr7	6536721	6536723	cg26988895	-	hypermethylated
chr7	6664076	6664078	cg01246835	+	hypermethylated
chr7	6664171	6664173	cg01447112	+	hypermethylated
chr7	8433826	8433828	cg00852549	-	hypermethylated
chr7	15685851	15685853	cg06411724	-	hypermethylated
chr7	19117569	19117571	cg17839237	-	hypermethylated
chr7	19117639	19117641	cg24446548	+	hypermethylated
chr7	19772924	19772926	cg23181844	+	hypermethylated
chr7	21543126	21543128	cg16474297	+	hypermethylated
chr7	27096804	27096806	cg09420439	+	hypermethylated
chr7	27156533	27156535	cg23432345	-	hypermethylated
chr7	27156666	27156668	cg07302069	-	hypermethylated
chr7	27165597	27165599	cg16104915	-	hypermethylated
chr7	27165761	27165763	cg26365299	+	hypermethylated
chr7	27174364	27174366	cg16857858	-	hypermethylated
chr7	28410227	28410229	cg11831043	-	hypermethylated
chr7	28957868	28957870	cg04823311	+	hypermethylated
chr7	29146617	29146619	cg20101352	-	hypermethylated
chr7	30682497	30682499	cg24610236	+	hypermethylated
chr7	31052209	31052211	cg17617930	-	hypermethylated
chr7	32070910	32070912	cg14604568	-	hypermethylated
chr7	32071037	32071039	cg15988350	+	hypermethylated
chr7	35186911	35186913	cg07628404	+	hypermethylated
chr7	35186997	35186999	cg12975779	-	hypermethylated
chr7	37448029	37448031	cg00159100	-	hypermethylated
chr7	38631203	38631205	cg19875547	-	hypermethylated
chr7	38631384	38631386	cg10293925	+	hypermethylated
chr7	43113623	43113625	cg17045801	+	hypermethylated
chr7	44104393	44104395	cg14249876	-	hypermethylated
chr7	49773491	49773493	cg01893212	+	hypermethylated
chr7	49775905	49775907	cg17093995	+	hypermethylated
chr7	50304286	50304288	cg07589773	-	hypermethylated
chr7	50304697	50304699	cg27633530	-	hypermethylated
chr7	50304734	50304736	cg20078466	+	hypermethylated
chr7	54542328	54542330	cg02910208	-	hypermethylated
chr7	71752334	71752336	cg18325439	-	hypermethylated
chr7	79452721	79452723	cg03009871	-	hypermethylated
chr7	85187137	85187139	cg10852177	-	hypermethylated
chr7	86644401	86644403	cg23183497	+	hypermethylated
chr7	87600872	87600874	cg27507700	+	hypermethylated
chr7	87601027	87601029	cg00862116	-	hypermethylated
chr7	87627757	87627759	cg04710402	-	hypermethylated
chr7	88306909	88306911	cg19430577	+	hypermethylated
chr7	88759331	88759333	cg23474211	-	hypermethylated
chr7	90118979	90118981	cg23998645	+	hypermethylated
chr7	90596969	90596971	cg25363607	+	hypermethylated
chr7	91265711	91265713	cg24599249	-	hypermethylated
chr7	93574733	93574735	cg16589214	-	hypermethylated
chr7	93890711	93890713	cg17338208	+	hypermethylated
chr7	97733392	97733394	cg19212224	+	hypermethylated
chr7	98869756	98869758	cg19752627	-	hypermethylated
chr7	98869947	98869949	cg01307939	+	hypermethylated
chr7	99558502	99558504	cg22758700	+	hypermethylated
chr7	100720697	100720699	cg13207797	-	hypermethylated
chr7	101180095	101180097	cg14562712	+	hypermethylated
chr7	103989638	103989640	cg18011364	-	hypermethylated
chr7	103990101	103990103	cg03203223	+	hypermethylated
chr7	104328717	104328719	cg10036918	+	hypermethylated
chr7	105877242	105877244	cg11617147	+	hypermethylated
chr7	113086482	113086484	cg13251269	+	hypermethylated
chr7	114087697	114087699	cg05994320	-	hypermethylated
chr7	116500073	116500075	cg25274503	-	hypermethylated
chr7	122304118	122304120	cg24934063	+	hypermethylated
chr7	122310227	122310229	cg20329153	-	hypermethylated
chr7	122317199	122317201	cg26824006	+	hypermethylated
chr7	127347785	127347787	cg26118408	+	hypermethylated
chr7	128104157	128104159	cg21901946	-	hypermethylated
chr7	134127054	134127056	cg14455998	+	hypermethylated
chr7	134459218	134459220	cg06864853	-	hypermethylated
chr7	134459302	134459304	cg02215070	-	hypermethylated
chr7	141074758	141074760	cg10747023	-	hypermethylated
chr7	141512155	141512157	cg06331595	-	hypermethylated
chr7	142797088	142797090	cg12652174	+	hypermethylated
chr7	142797229	142797231	cg21621906	+	hypermethylated
chr7	142797268	142797270	cg08430489	+	hypermethylated
chr7	143882571	143882573	cg03514404	-	hypermethylated
chr7	143882857	143882859	cg03225210	+	hypermethylated
chr7	146115915	146115917	cg09571420	-	hypermethylated
chr7	149422589	149422591	cg26269703	-	hypermethylated
chr7	151410550	151410552	cg16482474	+	hypermethylated
chr7	152925369	152925371	cg00469207	+	hypermethylated
chr7	152925729	152925731	cg21929943	+	hypermethylated
chr7	155070319	155070321	cg15835825	+	hypermethylated
chr7	155374342	155374344	cg20567847	+	hypermethylated
chr7	155375148	155375150	cg09970120	-	hypermethylated
chr7	155448794	155448796	cg20183619	+	hypermethylated
chr7	155467149	155467151	cg04828133	+	hypermethylated
chr7	156640825	156640827	cg04134305	+	hypermethylated
chr7	157689815	157689817	cg19258665	-	hypermethylated
chr7	159144917	159144919	cg03976877	-	hypermethylated
chr8	544720	544722	cg03294066	-	hypermethylated
chr8	9906562	9906564	cg27392850	+	hypermethylated
chr8	11347656	11347658	cg05362548	+	hypermethylated
chr8	11704214	11704216	cg14666113	+	hypermethylated
chr8	17026854	17026856	cg23218760	+	hypermethylated
chr8	21787996	21787998	cg20521389	-	hypermethylated
chr8	23714515	23714517	cg07005294	-	hypermethylated
chr8	23726890	23726892	cg15820062	+	hypermethylated
chr8	25185114	25185116	cg13734972	+	hypermethylated
chr8	26043500	26043502	cg08283882	+	hypermethylated
chr8	26052082	26052084	cg00333512	-	hypermethylated
chr8	26513035	26513037	cg22757399	+	hypermethylated
chr8	26866066	26866068	cg22295787	+	hypermethylated
chr8	31639525	31639527	cg04555373	-	hypermethylated
chr8	32548273	32548275	cg25230074	+	hypermethylated
chr8	32549409	32549411	cg06926782	+	hypermethylated
chr8	35235304	35235306	cg08000065	-	hypermethylated
chr8	37899446	37899448	cg22513169	-	hypermethylated
chr8	37965890	37965892	cg09258813	+	hypermethylated
chr8	37965956	37965958	cg17619823	-	hypermethylated
chr8	41896662	41896664	cg17331296	+	hypermethylated
chr8	48556267	48556269	cg18991611	-	hypermethylated
chr8	52565893	52565895	cg17162024	-	hypermethylated
chr8	54457775	54457777	cg24928391	+	hypermethylated
chr8	54457862	54457864	cg04672706	-	hypermethylated
chr8	54467349	54467351	cg00688447	+	hypermethylated
chr8	56157453	56157455	cg16504626	-	hypermethylated
chr8	57995261	57995263	cg20702559	-	hypermethylated
chr8	59118203	59118205	cg24158594	-	hypermethylated
chr8	60281155	60281157	cg00994693	+	hypermethylated
chr8	64576507	64576509	cg07283114	+	hypermethylated
chr8	64581543	64581545	cg17307479	+	hypermethylated
chr8	64798811	64798813	cg15160198	-	hypermethylated
chr8	66432429	66432431	cg20295442	+	hypermethylated
chr8	66961563	66961565	cg14353137	+	hypermethylated
chr8	66962622	66962624	cg07922007	+	hypermethylated
chr8	66963025	66963027	cg01824969	-	hypermethylated
chr8	66963205	66963207	cg14657834	+	hypermethylated
chr8	67952672	67952674	cg23300368	+	hypermethylated
chr8	68331250	68331252	cg22001496	-	hypermethylated
chr8	68332274	68332276	cg21479226	+	hypermethylated
chr8	70070049	70070051	cg02919936	-	hypermethylated
chr8	71843919	71843921	cg09734791	-	hypermethylated
chr8	71844576	71844578	cg20675505	+	hypermethylated
chr8	72075680	72075682	cg14703605	-	hypermethylated
chr8	74984600	74984602	cg01937650	-	hypermethylated
chr8	74985061	74985063	cg13534450	-	hypermethylated
chr8	76680997	76680999	cg23134869	+	hypermethylated
chr8	76682359	76682361	cg01419567	+	hypermethylated
chr8	79612231	79612233	cg01774159	-	hypermethylated
chr8	81732707	81732709	cg00399374	-	hypermethylated
chr8	84183262	84183264	cg05716166	+	hypermethylated
chr8	92101921	92101923	cg12926938	+	hypermethylated
chr8	96157691	96157693	cg17999376	+	hypermethylated
chr8	96160732	96160734	cg00421139	+	hypermethylated
chr8	96161297	96161299	cg03734437	+	hypermethylated
chr8	96493535	96493537	cg13096260	+	hypermethylated
chr8	101492253	101492255	cg18004756	-	hypermethylated
chr8	103501680	103501682	cg08550785	-	hypermethylated
chr8	106271825	106271827	cg09306606	-	hypermethylated
chr8	108083339	108083341	cg00910695	+	hypermethylated
chr8	109974789	109974791	cg04237663	+	hypermethylated
chr8	113435116	113435118	cg25052970	-	hypermethylated
chr8	118110638	118110640	cg21602557	+	hypermethylated
chr8	119207891	119207893	cg09273054	-	hypermethylated
chr8	142452137	142452139	cg20864608	-	hypermethylated
chr8	142510457	142510459	cg26731327	-	hypermethylated
chr8	143160016	143160018	cg02539855	+	hypermethylated
chr9	841849	841851	cg03168582	-	hypermethylated
chr9	27529340	27529342	cg21244846	+	hypermethylated
chr9	37027386	37027388	cg14306956	-	hypermethylated
chr9	74497979	74497981	cg14170313	+	hypermethylated
chr9	75892435	75892437	cg21362478	+	hypermethylated
chr9	77018820	77018822	cg14487131	-	hypermethylated
chr9	96022053	96022055	cg14018731	-	hypermethylated
chr9	97852918	97852920	cg15802898	-	hypermethylated
chr9	98709270	98709272	cg18507707	-	hypermethylated
chr9	98943758	98943760	cg13952031	+	hypermethylated
chr9	101738747	101738749	cg18794577	-	hypermethylated
chr9	109641020	109641022	cg02560967	+	hypermethylated
chr9	120869029	120869031	cg14543508	-	hypermethylated
chr9	126614624	126614626	cg18453621	+	hypermethylated
chr9	129620153	129620155	cg14015706	+	hypermethylated
chr9	129665360	129665362	cg14470978	-	hypermethylated
chr9	130660957	130660959	cg14236735	-	hypermethylated
chr10	1737640	1737642	cg02899206	-	hypermethylated
chr10	3066860	3066862	cg07198194	+	hypermethylated
chr10	7408392	7408394	cg22862480	-	hypermethylated
chr10	7666905	7666907	cg04711998	+	hypermethylated
chr10	13891995	13891997	cg14649650	-	hypermethylated
chr10	15719854	15719856	cg19944763	+	hypermethylated
chr10	16520626	16520628	cg24037897	+	hypermethylated
chr10	17229303	17229305	cg23991622	-	hypermethylated
chr10	17229519	17229521	cg12874092	-	hypermethylated
chr10	18140819	18140821	cg01805540	+	hypermethylated
chr10	22345502	22345504	cg05099508	+	hypermethylated
chr10	22345509	22345511	cg24031355	+	hypermethylated
chr10	22927913	22927915	cg08839858	-	hypermethylated
chr10	23174164	23174166	cg00530925	-	hypermethylated
chr10	23192455	23192457	cg20014049	-	hypermethylated
chr10	23192856	23192858	cg24767148	-	hypermethylated
chr10	23694566	23694568	cg24487076	-	hypermethylated
chr10	25176420	25176422	cg03650342	-	hypermethylated
chr10	25934170	25934172	cg08441170	-	hypermethylated
chr10	26216573	26216575	cg09056181	-	hypermethylated
chr10	26217423	26217425	cg03476087	-	hypermethylated
chr10	27745161	27745163	cg14965220	-	hypermethylated
chr10	35640397	35640399	cg25964032	-	hypermethylated
chr10	43667430	43667432	cg04963514	+	hypermethylated
chr10	44385096	44385098	cg17267805	+	hypermethylated
chr10	45419001	45419003	cg04194494	+	hypermethylated
chr10	47300636	47300638	cg04110601	-	hypermethylated
chr10	48524269	48524271	cg24385334	-	hypermethylated
chr10	49609763	49609765	cg23987444	+	hypermethylated
chr10	49679569	49679571	cg14526047	+	hypermethylated
chr10	55630018	55630020	cg26293182	-	hypermethylated
chr10	70283904	70283906	cg06419761	-	hypermethylated
chr10	72261217	72261219	cg12799885	-	hypermethylated
chr10	81876492	81876494	cg22928016	+	hypermethylated
chr10	86367095	86367097	cg01229798	-	hypermethylated
chr10	87862226	87862228	cg25452974	-	hypermethylated
chr10	89535588	89535590	cg11832210	-	hypermethylated
chr10	91887890	91887892	cg18484034	+	hypermethylated
chr10	97771887	97771889	cg10914555	-	hypermethylated
chr10	97772121	97772123	cg07834955	-	hypermethylated
chr10	99234180	99234182	cg13690864	-	hypermethylated
chr10	99530941	99530943	cg10377903	-	hypermethylated
chr10	99535642	99535644	cg14506196	+	hypermethylated
chr10	100715820	100715822	cg09227150	-	hypermethylated
chr10	100724474	100724476	cg22898797	+	hypermethylated
chr10	100735383	100735385	cg22964842	+	hypermethylated
chr10	100737540	100737542	cg05336698	+	hypermethylated
chr10	101032285	101032287	cg26582768	+	hypermethylated
chr10	101131261	101131263	cg25741023	-	hypermethylated
chr10	102410755	102410757	cg24770596	+	hypermethylated
chr10	103277105	103277107	cg17567560	-	hypermethylated
chr10	104640806	104640808	cg08768569	-	hypermethylated
chr10	104640943	104640945	cg10601616	+	hypermethylated
chr10	107164607	107164609	cg24403845	+	hypermethylated
chr10	107915095	107915097	cg26526374	+	hypermethylated
chr10	116272351	116272353	cg06298519	-	hypermethylated
chr10	117138335	117138337	cg13457172	-	hypermethylated
chr10	128286934	128286936	cg08701047	+	hypermethylated
chr10	128541404	128541406	cg20099104	-	hypermethylated
chr10	129970663	129970665	cg12824796	+	hypermethylated
chr10	132186619	132186621	cg08753373	+	hypermethylated
chr10	133087789	133087791	cg09639725	+	hypermethylated
chr10	133236850	133236852	cg19580752	-	hypermethylated
chr11	3160495	3160497	cg22074576	-	hypermethylated
chr11	7251916	7251918	cg18560328	+	hypermethylated
chr11	8019003	8019005	cg15344220	+	hypermethylated
chr11	8262764	8262766	cg26121782	+	hypermethylated
chr11	8268426	8268428	cg12740527	-	hypermethylated
chr11	12008724	12008726	cg17039391	-	hypermethylated
chr11	14973620	14973622	cg26676559	-	hypermethylated
chr11	15073481	15073483	cg02907374	+	hypermethylated
chr11	15114909	15114911	cg02434443	+	hypermethylated
chr11	19346389	19346391	cg15442988	+	hypermethylated
chr11	20669614	20669616	cg14689623	-	hypermethylated
chr11	20669882	20669884	cg01563031	+	hypermethylated
chr11	27723009	27723011	cg10022526	+	hypermethylated
chr11	30584478	30584480	cg10566121	-	hypermethylated
chr11	31799839	31799841	cg16616521	-	hypermethylated
chr11	32435365	32435367	cg19074340	+	hypermethylated
chr11	35138782	35138784	cg20143092	+	hypermethylated
chr11	35618107	35618109	cg23083315	+	hypermethylated
chr11	43581296	43581298	cg14416371	+	hypermethylated
chr11	44309407	44309409	cg08408994	-	hypermethylated
chr11	58905693	58905695	cg04067139	+	hypermethylated
chr11	59102381	59102383	cg26437112	-	hypermethylated
chr11	59173392	59173394	cg05415131	+	hypermethylated
chr11	63491239	63491241	cg09952395	+	hypermethylated
chr11	65833374	65833376	cg05758094	-	hypermethylated
chr11	67583504	67583506	cg02659086	+	hypermethylated
chr11	69703428	69703430	cg21052682	-	hypermethylated
chr11	69775344	69775346	cg23964057	+	hypermethylated
chr11	72244554	72244556	cg24530250	+	hypermethylated
chr11	79438815	79438817	cg11968091	-	hypermethylated
chr11	84720491	84720493	cg07434402	-	hypermethylated
chr11	92224822	92224824	cg18854419	+	hypermethylated
chr11	94740504	94740506	cg22782191	+	hypermethylated
chr11	104164025	104164027	cg02120582	-	hypermethylated
chr11	105610589	105610591	cg03225817	+	hypermethylated
chr11	105610591	105610593	cg04747226	+	hypermethylated
chr11	105610594	105610596	cg07972135	+	hypermethylated
chr11	110711696	110711698	cg26210187	-	hypermethylated
chr11	111512789	111512791	cg22879515	+	hypermethylated
chr11	111540473	111540475	cg06459000	+	hypermethylated
chr11	115659871	115659873	cg07627556	+	hypermethylated
chr11	115759910	115759912	cg24266670	+	hypermethylated
chr11	115760170	115760172	cg13839457	+	hypermethylated
chr11	119422674	119422676	cg02455397	-	hypermethylated
chr11	122984320	122984322	cg03444715	-	hypermethylated
chr11	123358471	123358473	cg10096161	+	hypermethylated
chr11	127000532	127000534	cg03167429	+	hypermethylated
chr11	128694978	128694980	cg11017065	-	hypermethylated
chr11	131910458	131910460	cg06874656	+	hypermethylated
chr11	131910462	131910464	cg24284973	+	hypermethylated
chr11	133064243	133064245	cg00232735	-	hypermethylated
chr11	133955623	133955625	cg07629355	-	hypermethylated
chr11	133955807	133955809	cg04621578	-	hypermethylated
chr11	134068892	134068894	cg03637878	-	hypermethylated
chr11	134069168	134069170	cg24625128	+	hypermethylated
chr11	134276781	134276783	cg03315869	-	hypermethylated
chr12	3491062	3491064	cg19656577	+	hypermethylated
chr12	4909631	4909633	cg20392607	+	hypermethylated
chr12	4909638	4909640	cg19651132	+	hypermethylated
chr12	8390242	8390244	cg16643851	-	hypermethylated
chr12	15322755	15322757	cg09736112	-	hypermethylated
chr12	21941025	21941027	cg11901043	-	hypermethylated
chr12	22334524	22334526	cg10333808	+	hypermethylated
chr12	24563269	24563271	cg23811464	+	hypermethylated
chr12	29784409	29784411	cg06630204	-	hypermethylated
chr12	33439706	33439708	cg10658542	+	hypermethylated
chr12	40692424	40692426	cg15087347	-	hypermethylated
chr12	45051111	45051113	cg13186327	+	hypermethylated
chr12	46831170	46831172	cg22868282	-	hypermethylated
chr12	47905602	47905604	cg16321474	-	hypermethylated
chr12	49903993	49903995	cg18486102	+	hypermethylated
chr12	49961523	49961525	cg15336765	+	hypermethylated
chr12	52007122	52007124	cg04034767	-	hypermethylated
chr12	53999675	53999677	cg10694030	-	hypermethylated
chr12	63151742	63151744	cg23085912	-	hypermethylated
chr12	63668717	63668719	cg23148701	-	hypermethylated
chr12	63668745	63668747	cg17477445	-	hypermethylated
chr12	65729346	65729348	cg23318812	-	hypermethylated
chr12	66189267	66189269	cg26415547	+	hypermethylated
chr12	70920831	70920833	cg22376706	+	hypermethylated
chr12	72271990	72271992	cg23142394	-	hypermethylated
chr12	72273605	72273607	cg00580978	-	hypermethylated
chr12	78864657	78864659	cg15245095	+	hypermethylated
chr12	84913017	84913019	cg14510812	-	hypermethylated
chr12	85280136	85280138	cg25678815	+	hypermethylated
chr12	93572540	93572542	cg11225410	+	hypermethylated
chr12	94150170	94150172	cg10557253	+	hypermethylated
chr12	95548211	95548213	cg22538054	-	hypermethylated
chr12	101210277	101210279	cg26490054	+	hypermethylated
chr12	102917715	102917717	cg18919225	+	hypermethylated
chr12	102958488	102958490	cg27420520	-	hypermethylated
chr12	102958515	102958517	cg20718350	+	hypermethylated
chr12	102965793	102965795	cg17315500	-	hypermethylated
chr12	103495737	103495739	cg10096177	-	hypermethylated
chr12	104215747	104215749	cg07227926	-	hypermethylated
chr12	104458372	104458374	cg11739675	-	hypermethylated
chr12	104458660	104458662	cg23855505	-	hypermethylated
chr12	104458667	104458669	cg22260952	-	hypermethylated
chr12	106586095	106586097	cg21176643	-	hypermethylated
chr12	111033504	111033506	cg03352776	-	hypermethylated
chr12	113057231	113057233	cg22685245	-	hypermethylated
chr12	113476081	113476083	cg21962423	-	hypermethylated
chr12	113638075	113638077	cg27464184	-	hypermethylated
chr12	114405382	114405384	cg14214262	-	hypermethylated
chr12	114409358	114409360	cg06911121	-	hypermethylated
chr12	114698290	114698292	cg15266705	-	hypermethylated
chr12	117361277	117361279	cg04529785	-	hypermethylated
chr12	119594568	119594570	cg21011827	-	hypermethylated
chr12	125533608	125533610	cg14262439	+	hypermethylated
chr12	127381157	127381159	cg21549294	+	hypermethylated
chr12	128267494	128267496	cg04475027	+	hypermethylated
chr12	128366084	128366086	cg02543772	+	hypermethylated
chr12	130715390	130715392	cg08110542	-	hypermethylated
chr12	132329852	132329854	cg19724555	-	hypermethylated
chr12	132618474	132618476	cg26620450	-	hypermethylated
chr12	132904933	132904935	cg24427504	-	hypermethylated
chr13	19957478	19957480	cg20880234	+	hypermethylated
chr13	20161392	20161394	cg11521404	+	hypermethylated
chr13	23160164	23160166	cg19356117	+	hypermethylated
chr13	25046815	25046817	cg14270789	+	hypermethylated
chr13	26760585	26760587	cg17565078	+	hypermethylated
chr13	27821645	27821647	cg25546248	+	hypermethylated
chr13	27917477	27917479	cg01193690	-	hypermethylated
chr13	27918287	27918289	cg19587904	+	hypermethylated
chr13	27921460	27921462	cg22578843	-	hypermethylated
chr13	27968589	27968591	cg07213036	+	hypermethylated
chr13	27980704	27980706	cg25591794	+	hypermethylated
chr13	28532284	28532286	cg25895961	-	hypermethylated
chr13	28719141	28719143	cg18682423	+	hypermethylated
chr13	36131308	36131310	cg20219457	-	hypermethylated
chr13	36297824	36297826	cg13258563	+	hypermethylated
chr13	36346194	36346196	cg16741041	-	hypermethylated
chr13	36674167	36674169	cg06639332	-	hypermethylated
chr13	37869496	37869498	cg15071251	-	hypermethylated
chr13	37869914	37869916	cg13549719	-	hypermethylated
chr13	42574547	42574549	cg13975523	+	hypermethylated
chr13	42575034	42575036	cg00880018	+	hypermethylated
chr13	42575097	42575099	cg04922681	+	hypermethylated
chr13	52739393	52739395	cg08567279	-	hypermethylated
chr13	52845593	52845595	cg25600049	+	hypermethylated
chr13	52846250	52846252	cg09813525	-	hypermethylated
chr13	52848644	52848646	cg22763718	-	hypermethylated
chr13	52848672	52848674	cg17535595	-	hypermethylated
chr13	67230611	67230613	cg08705697	+	hypermethylated
chr13	78602436	78602438	cg14123923	+	hypermethylated
chr13	87671913	87671915	cg25081106	-	hypermethylated
chr13	87672314	87672316	cg15778745	+	hypermethylated
chr13	91399145	91399147	cg16423505	+	hypermethylated
chr13	93227049	93227051	cg19824907	-	hypermethylated
chr13	93228588	93228590	cg14778311	-	hypermethylated
chr13	94712420	94712422	cg27442308	-	hypermethylated
chr13	94968051	94968053	cg25264081	-	hypermethylated
chr13	95552618	95552620	cg10305311	+	hypermethylated
chr13	96091640	96091642	cg27513979	-	hypermethylated
chr13	99971875	99971877	cg12907379	+	hypermethylated
chr13	101416178	101416180	cg25201811	-	hypermethylated
chr13	102394702	102394704	cg16398329	+	hypermethylated
chr13	102400117	102400119	cg04561389	-	hypermethylated
chr13	102400477	102400479	cg22583065	-	hypermethylated
chr13	107868596	107868598	cg22302985	+	hypermethylated
chr13	110306629	110306631	cg21938148	-	hypermethylated
chr13	112056508	112056510	cg11437784	-	hypermethylated
chr13	112067110	112067112	cg27301032	-	hypermethylated
chr13	112067397	112067399	cg25463470	-	hypermethylated
chr13	112073206	112073208	cg15228928	+	hypermethylated
chr13	112073891	112073893	cg11186405	-	hypermethylated
chr13	112104176	112104178	cg23934404	+	hypermethylated
chr14	20632847	20632849	cg01762070	-	hypermethylated
chr14	21536858	21536860	cg00800229	-	hypermethylated
chr14	23365767	23365769	cg18844382	-	hypermethylated
chr14	24334710	24334712	cg16215203	-	hypermethylated
chr14	26597197	26597199	cg07559273	+	hypermethylated
chr14	28760042	28760044	cg04723401	-	hypermethylated
chr14	32933305	32933307	cg24773418	+	hypermethylated
chr14	36504159	36504161	cg05134015	+	hypermethylated
chr14	36505594	36505596	cg06945523	+	hypermethylated
chr14	36514336	36514338	cg05372242	-	hypermethylated
chr14	36521328	36521330	cg25996119	+	hypermethylated
chr14	36525803	36525805	cg25566568	-	hypermethylated
chr14	36657696	36657698	cg05917460	-	hypermethylated
chr14	41606606	41606608	cg10160975	+	hypermethylated
chr14	51094574	51094576	cg18683604	+	hypermethylated
chr14	52068706	52068708	cg07975778	+	hypermethylated
chr14	52069039	52069041	cg13592399	-	hypermethylated
chr14	52069254	52069256	cg01781974	+	hypermethylated
chr14	52069347	52069349	cg26394244	-	hypermethylated
chr14	52267806	52267808	cg05302386	-	hypermethylated
chr14	52268766	52268768	cg27634876	-	hypermethylated
chr14	53956206	53956208	cg08162372	-	hypermethylated
chr14	56808020	56808022	cg10042106	-	hypermethylated
chr14	56816717	56816719	cg14409023	+	hypermethylated
chr14	59465314	59465316	cg09859398	+	hypermethylated
chr14	59630528	59630530	cg01141940	+	hypermethylated
chr14	59919331	59919333	cg16406225	-	hypermethylated
chr14	60721526	60721528	cg22943762	+	hypermethylated
chr14	61812904	61812906	cg22871002	+	hypermethylated
chr14	62117559	62117561	cg07471209	-	hypermethylated
chr14	70187572	70187574	cg01646639	+	hypermethylated
chr14	70187879	70187881	cg13652513	+	hypermethylated
chr14	70187921	70187923	cg04140862	-	hypermethylated
chr14	73491575	73491577	cg20065569	+	hypermethylated
chr14	74241207	74241209	cg05829782	-	hypermethylated
chr14	77270802	77270804	cg23272632	-	hypermethylated
chr14	91114084	91114086	cg26288577	+	hypermethylated
chr14	91947361	91947363	cg21883802	+	hypermethylated
chr14	94769151	94769153	cg01533258	+	hypermethylated
chr14	95875912	95875914	cg21495612	-	hypermethylated
chr14	96592854	96592856	cg24034005	+	hypermethylated
chr14	97219048	97219050	cg04700283	+	hypermethylated
chr14	99971883	99971885	cg19891001	-	hypermethylated
chr14	101459367	101459369	cg18362509	+	hypermethylated
chr14	103189230	103189232	cg01556502	+	hypermethylated
chr14	105527241	105527243	cg01545587	+	hypermethylated
chr15	28096833	28096835	cg15278646	+	hypermethylated
chr15	28106951	28106953	cg03061682	+	hypermethylated
chr15	30191829	30191831	cg12012932	-	hypermethylated
chr15	31441241	31441243	cg14344315	-	hypermethylated
chr15	32718197	32718199	cg08495115	+	hypermethylated
chr15	32718964	32718966	cg26727488	-	hypermethylated
chr15	34722068	34722070	cg24922143	+	hypermethylated
chr15	41513669	41513671	cg27494383	-	hypermethylated
chr15	45114667	45114669	cg02550961	-	hypermethylated
chr15	45430399	45430401	cg18384926	+	hypermethylated
chr15	47184806	47184808	cg10864878	+	hypermethylated
chr15	48178318	48178320	cg22297146	+	hypermethylated
chr15	48645015	48645017	cg04125371	+	hypermethylated
chr15	48646149	48646151	cg10480343	+	hypermethylated
chr15	52790937	52790939	cg26158897	+	hypermethylated
chr15	55588845	55588847	cg25902187	+	hypermethylated
chr15	58065692	58065694	cg13198321	+	hypermethylated
chr15	59437353	59437355	cg25489866	-	hypermethylated
chr15	60004796	60004798	cg03059131	-	hypermethylated
chr15	62066903	62066905	cg18866529	-	hypermethylated
chr15	74366211	74366213	cg14855334	+	hypermethylated
chr15	76337753	76337755	cg07573209	+	hypermethylated
chr15	79090655	79090657	cg17507573	-	hypermethylated
chr15	79432459	79432461	cg00544449	+	hypermethylated
chr15	82262994	82262996	cg22435300	+	hypermethylated
chr15	82647888	82647890	cg04184836	+	hypermethylated
chr15	83107516	83107518	cg11167100	+	hypermethylated
chr15	83447058	83447060	cg27648738	+	hypermethylated
chr15	88256767	88256769	cg07252731	+	hypermethylated
chr15	88257772	88257774	cg11108676	+	hypermethylated
chr15	88895439	88895441	cg08348496	-	hypermethylated
chr15	92394504	92394506	cg08769966	+	hypermethylated
chr15	93089500	93089502	cg01950845	+	hypermethylated
chr16	165960	165962	cg06319822	+	hypermethylated
chr16	1153996	1153998	cg09874822	-	hypermethylated
chr16	1990979	1990981	cg27616661	+	hypermethylated
chr16	6019017	6019019	cg02230017	-	hypermethylated
chr16	6483787	6483789	cg00853103	+	hypermethylated
chr16	7304039	7304041	cg27199384	-	hypermethylated
chr16	10039643	10039645	cg04933990	+	hypermethylated
chr16	10182941	10182943	cg16368442	+	hypermethylated
chr16	10386108	10386110	cg05064297	+	hypermethylated
chr16	20073891	20073893	cg20086208	-	hypermethylated
chr16	23836003	23836005	cg03306374	+	hypermethylated
chr16	23836234	23836236	cg03217795	-	hypermethylated
chr16	23836494	23836496	cg09507526	-	hypermethylated
chr16	23836681	23836683	cg21370856	+	hypermethylated
chr16	28063062	28063064	cg03394150	-	hypermethylated
chr16	31010611	31010613	cg02043600	+	hypermethylated
chr16	55371287	55371289	cg01317772	-	hypermethylated
chr16	55655988	55655990	cg01277542	-	hypermethylated
chr16	56190869	56190871	cg00866976	-	hypermethylated
chr16	56190880	56190882	cg10273340	-	hypermethylated
chr16	56194554	56194556	cg07700514	+	hypermethylated
chr16	58464680	58464682	cg06650115	+	hypermethylated
chr16	67170412	67170414	cg06537680	-	hypermethylated
chr16	68239973	68239975	cg02367850	-	hypermethylated
chr16	71230675	71230677	cg09918510	-	hypermethylated
chr16	77434995	77434997	cg03238797	+	hypermethylated
chr16	77788521	77788523	cg07821427	+	hypermethylated
chr16	82627121	82627123	cg05374412	+	hypermethylated
chr16	85899059	85899061	cg26970841	+	hypermethylated
chr16	85899061	85899063	cg03978375	+	hypermethylated
chr16	86286882	86286884	cg08501426	+	hypermethylated
chr16	87603175	87603177	cg09552213	+	hypermethylated
chr17	1228583	1228585	cg11424456	-	hypermethylated
chr17	2725027	2725029	cg03838635	-	hypermethylated
chr17	6713563	6713565	cg12146546	-	hypermethylated
chr17	8327031	8327033	cg05562381	-	hypermethylated
chr17	8630072	8630074	cg24371075	-	hypermethylated
chr17	8965895	8965897	cg16918989	-	hypermethylated
chr17	9003895	9003897	cg16202470	-	hypermethylated
chr17	10198263	10198265	cg25116216	-	hypermethylated
chr17	15563065	15563067	cg21594642	-	hypermethylated
chr17	20852635	20852637	cg11501438	-	hypermethylated
chr17	29020034	29020036	cg13874070	+	hypermethylated
chr17	30971165	30971167	cg13204512	-	hypermethylated
chr17	31008650	31008652	cg05873146	-	hypermethylated
chr17	33291390	33291392	cg02984614	+	hypermethylated
chr17	34580685	34580687	cg10451253	+	hypermethylated
chr17	36808593	36808595	cg19651223	-	hypermethylated
chr17	36937183	36937185	cg10043865	+	hypermethylated
chr17	36937193	36937195	cg10356613	+	hypermethylated
chr17	36939848	36939850	cg03146993	-	hypermethylated
chr17	37743297	37743299	cg02435495	-	hypermethylated
chr17	44014818	44014820	cg18801599	-	hypermethylated
chr17	48578031	48578033	cg14458834	+	hypermethylated
chr17	48578198	48578200	cg08089301	-	hypermethylated
chr17	48614457	48614459	cg08151857	+	hypermethylated
chr17	48636767	48636769	cg01469027	-	hypermethylated
chr17	48747552	48747554	cg18087672	-	hypermethylated
chr17	55265667	55265669	cg05452524	-	hypermethylated
chr17	56597775	56597777	cg14598327	+	hypermethylated
chr17	60421615	60421617	cg09695735	+	hypermethylated
chr17	61452256	61452258	cg02081266	+	hypermethylated
chr17	62808129	62808131	cg13213923	+	hypermethylated
chr17	63476576	63476578	cg09920557	-	hypermethylated
chr17	74326003	74326005	cg18944047	+	hypermethylated
chr17	76710468	76710470	cg11122493	+	hypermethylated
chr17	76868985	76868987	cg00654814	-	hypermethylated
chr17	77372819	77372821	cg06848185	+	hypermethylated
chr17	77373008	77373010	cg17300544	-	hypermethylated
chr17	77528921	77528923	cg27591450	+	hypermethylated
chr17	79183372	79183374	cg09236176	+	hypermethylated
chr17	79183626	79183628	cg10362542	+	hypermethylated
chr17	79747831	79747833	cg12865552	-	hypermethylated
chr17	79803849	79803851	cg14409414	+	hypermethylated
chr17	80478160	80478162	cg14129397	+	hypermethylated
chr18	904876	904878	cg24287438	-	hypermethylated
chr18	904883	904885	cg21438101	-	hypermethylated
chr18	4453855	4453857	cg03152033	-	hypermethylated
chr18	5197327	5197329	cg03278146	-	hypermethylated
chr18	5544169	5544171	cg23564700	-	hypermethylated
chr18	5629371	5629373	cg24496223	+	hypermethylated
chr18	7568540	7568542	cg24973298	-	hypermethylated
chr18	21241951	21241953	cg06711831	+	hypermethylated
chr18	25350318	25350320	cg21678445	+	hypermethylated
chr18	28177473	28177475	cg12208258	-	hypermethylated
chr18	31042057	31042059	cg10794285	-	hypermethylated
chr18	33440841	33440843	cg05994094	-	hypermethylated
chr18	34223668	34223670	cg03045425	+	hypermethylated
chr18	34977917	34977919	cg24692068	-	hypermethylated
chr18	37567126	37567128	cg13382322	+	hypermethylated
chr18	46334262	46334264	cg11913496	-	hypermethylated
chr18	46757946	46757948	cg15049968	-	hypermethylated
chr18	55321923	55321925	cg27233989	+	hypermethylated
chr18	61333566	61333568	cg15264806	-	hypermethylated
chr18	61334164	61334166	cg12816979	+	hypermethylated
chr18	61893160	61893162	cg07980518	-	hypermethylated
chr18	63318498	63318500	cg24740531	+	hypermethylated
chr18	69400656	69400658	cg12799689	+	hypermethylated
chr18	72543719	72543721	cg18596362	-	hypermethylated
chr18	77249780	77249782	cg15146859	-	hypermethylated
chr18	77250009	77250011	cg03659519	+	hypermethylated
chr18	77250043	77250045	cg17911318	+	hypermethylated
chr19	3361375	3361377	cg11859584	-	hypermethylated
chr19	3786247	3786249	cg17429382	-	hypermethylated
chr19	10286965	10286967	cg14993276	+	hypermethylated
chr19	11848944	11848946	cg12040486	+	hypermethylated
chr19	12092533	12092535	cg11767984	+	hypermethylated
chr19	12156492	12156494	cg00875960	+	hypermethylated
chr19	12195487	12195489	cg19355186	+	hypermethylated
chr19	12841314	12841316	cg25756435	+	hypermethylated
chr19	13506769	13506771	cg12092090	+	hypermethylated
chr19	14979933	14979935	cg15967847	-	hypermethylated
chr19	16076291	16076293	cg15233183	-	hypermethylated
chr19	18007856	18007858	cg15044384	+	hypermethylated
chr19	19900911	19900913	cg05661139	+	hypermethylated
chr19	20052095	20052097	cg22582862	+	hypermethylated
chr19	20565809	20565811	cg11948055	-	hypermethylated
chr19	20923246	20923248	cg23216292	+	hypermethylated
chr19	21836155	21836157	cg09360501	-	hypermethylated
chr19	21851615	21851617	cg07655636	-	hypermethylated
chr19	23117440	23117442	cg08301572	-	hypermethylated
chr19	29528621	29528623	cg27058257	-	hypermethylated
chr19	29528739	29528741	cg18716164	-	hypermethylated
chr19	30228241	30228243	cg00757082	+	hypermethylated
chr19	30375284	30375286	cg03758150	-	hypermethylated
chr19	33622491	33622493	cg25999442	+	hypermethylated
chr19	34482738	34482740	cg04497176	+	hypermethylated
chr19	36418510	36418512	cg24724633	-	hypermethylated
chr19	36418515	36418517	cg25886284	-	hypermethylated
chr19	36797802	36797804	cg00578154	+	hypermethylated
chr19	36916249	36916251	cg15322783	-	hypermethylated
chr19	36916471	36916473	cg03060201	+	hypermethylated
chr19	37507088	37507090	cg18154014	+	hypermethylated
chr19	37692153	37692155	cg25875213	-	hypermethylated
chr19	37692357	37692359	cg25324105	+	hypermethylated
chr19	37692360	37692362	cg14587524	+	hypermethylated
chr19	38256560	38256562	cg13564825	+	hypermethylated
chr19	38433795	38433797	cg06740600	-	hypermethylated
chr19	42324003	42324005	cg11957331	-	hypermethylated
chr19	43820748	43820750	cg14931230	-	hypermethylated
chr19	43901771	43901773	cg03241649	-	hypermethylated
chr19	44401615	44401617	cg18832632	-	hypermethylated
chr19	44448429	44448431	cg13498858	-	hypermethylated
chr19	44448476	44448478	cg14056357	+	hypermethylated
chr19	46297209	46297211	cg02879662	-	hypermethylated
chr19	46471309	46471311	cg17296166	-	hypermethylated
chr19	46471628	46471630	cg10788735	+	hypermethylated
chr19	46471650	46471652	cg17787159	+	hypermethylated
chr19	49142888	49142890	cg04781584	-	hypermethylated
chr19	50333133	50333135	cg13861524	+	hypermethylated
chr19	50912841	50912843	cg17355294	+	hypermethylated
chr19	51019384	51019386	cg04772683	-	hypermethylated
chr19	52336670	52336672	cg00745399	-	hypermethylated
chr19	52336788	52336790	cg17700915	-	hypermethylated
chr19	52369852	52369854	cg13393110	+	hypermethylated
chr19	52397720	52397722	cg27258025	+	hypermethylated
chr19	52397870	52397872	cg03091337	-	hypermethylated
chr19	52570150	52570152	cg07528613	+	hypermethylated
chr19	52570611	52570613	cg12003318	-	hypermethylated
chr19	53132854	53132856	cg15202738	-	hypermethylated
chr19	53193395	53193397	cg01620580	+	hypermethylated
chr19	53520744	53520746	cg11332363	+	hypermethylated
chr19	53979933	53979935	cg07519873	-	hypermethylated
chr19	53980277	53980279	cg20122943	+	hypermethylated
chr19	54415339	54415341	cg15241920	-	hypermethylated
chr19	56368184	56368186	cg15708153	-	hypermethylated
chr19	56368275	56368277	cg27477373	-	hypermethylated
chr19	56368624	56368626	cg20004406	-	hypermethylated
chr19	56393627	56393629	cg13916740	+	hypermethylated
chr19	56404280	56404282	cg00796360	-	hypermethylated
chr19	56507635	56507637	cg14042851	-	hypermethylated
chr19	56538407	56538409	cg25963041	-	hypermethylated
chr19	57351269	57351271	cg21627760	-	hypermethylated
chr19	57499976	57499978	cg22806837	+	hypermethylated
chr19	57527373	57527375	cg13644629	+	hypermethylated
chr19	57584099	57584101	cg04342092	+	hypermethylated
chr19	57614684	57614686	cg23950001	+	hypermethylated
chr19	57727643	57727645	cg08048222	+	hypermethylated
chr19	58009807	58009809	cg00505277	-	hypermethylated
chr19	58098376	58098378	cg18428688	+	hypermethylated
chr19	58440231	58440233	cg12042659	-	hypermethylated
chr19	58440410	58440412	cg24366702	+	hypermethylated
chr20	2558905	2558907	cg05874732	-	hypermethylated
chr20	2800475	2800477	cg15547669	+	hypermethylated
chr20	3072045	3072047	cg06404175	-	hypermethylated
chr20	3408760	3408762	cg13516746	+	hypermethylated
chr20	6052558	6052560	cg21001198	+	hypermethylated
chr20	9514924	9514926	cg24124029	+	hypermethylated
chr20	21512462	21512464	cg01397679	+	hypermethylated
chr20	21523259	21523261	cg09252495	-	hypermethylated
chr20	21705654	21705656	cg01783070	-	hypermethylated
chr20	22579037	22579039	cg06226567	+	hypermethylated
chr20	24470447	24470449	cg15343461	+	hypermethylated
chr20	25081810	25081812	cg14763548	+	hypermethylated
chr20	25084570	25084572	cg04865491	-	hypermethylated
chr20	25148883	25148885	cg22645427	-	hypermethylated
chr20	31475445	31475447	cg13513864	+	hypermethylated
chr20	31606088	31606090	cg09923107	+	hypermethylated
chr20	32052452	32052454	cg13042543	+	hypermethylated
chr20	38805765	38805767	cg22128431	+	hypermethylated
chr20	38807072	38807074	cg07906520	-	hypermethylated
chr20	40688393	40688395	cg24033330	+	hypermethylated
chr20	41366905	41366907	cg13919438	+	hypermethylated
chr20	43190129	43190131	cg17859110	-	hypermethylated
chr20	45469717	45469719	cg26348514	-	hypermethylated
chr20	46513604	46513606	cg07139762	+	hypermethylated
chr20	48827703	48827705	cg03361585	+	hypermethylated
chr20	49318449	49318451	cg23383871	+	hypermethylated
chr20	51022596	51022598	cg17846334	-	hypermethylated
chr20	53660407	53660409	cg18881873	-	hypermethylated
chr20	54475693	54475695	cg00741836	-	hypermethylated
chr20	54475794	54475796	cg20107395	-	hypermethylated
chr20	56925613	56925615	cg03264601	+	hypermethylated
chr20	59300308	59300310	cg08318212	+	hypermethylated
chr20	59577225	59577227	cg01278387	-	hypermethylated
chr20	61254003	61254005	cg19115393	-	hypermethylated
chr20	62475982	62475984	cg14980983	+	hypermethylated
chr20	62476381	62476383	cg18278265	+	hypermethylated
chr20	62708756	62708758	cg09893588	+	hypermethylated
chr20	63006796	63006798	cg21161253	+	hypermethylated
chr20	63177535	63177537	cg02650317	+	hypermethylated
chr20	63178204	63178206	cg15699267	-	hypermethylated
chr20	63253938	63253940	cg18412834	-	hypermethylated
chr20	63472273	63472275	cg08003150	+	hypermethylated
chr20	63970214	63970216	cg23931672	+	hypermethylated
chr21	20998028	20998030	cg12426234	+	hypermethylated
chr21	20998414	20998416	cg15681537	+	hypermethylated
chr21	25639863	25639865	cg03382304	-	hypermethylated
chr21	26967587	26967589	cg21646598	-	hypermethylated
chr21	33025822	33025824	cg15299832	-	hypermethylated
chr21	33025890	33025892	cg08870743	-	hypermethylated
chr21	33025913	33025915	cg23253569	-	hypermethylated
chr21	34669870	34669872	cg17935217	+	hypermethylated
chr21	41426666	41426668	cg00397324	-	hypermethylated
chr21	43074886	43074888	cg10457056	-	hypermethylated
chr21	43427725	43427727	cg15777964	-	hypermethylated
chr21	46297949	46297951	cg00612595	-	hypermethylated
chr22	19524443	19524445	cg17577122	+	hypermethylated
chr22	19718841	19718843	cg09938462	+	hypermethylated
chr22	22508735	22508737	cg02440976	-	hypermethylated
chr22	25282647	25282649	cg22517656	+	hypermethylated
chr22	28443148	28443150	cg27422872	-	hypermethylated
chr22	33058504	33058506	cg20464804	-	hypermethylated
chr22	39457584	39457586	cg18399321	+	hypermethylated
chr22	43343568	43343570	cg26684946	+	hypermethylated
chr22	45009745	45009747	cg15679813	-	hypermethylated
chr22	45503085	45503087	cg16818414	-	hypermethylated
chr22	48576146	48576148	cg04198308	+	hypermethylated
chr22	48576723	48576725	cg24094706	-	hypermethylated
chrX	6227688	6227690	cg21142738	-	hypermethylated
chrX	93673608	93673610	cg22189618	+	hypermethylated
chrX	114581795	114581797	cg05124235	-	hypermethylated
chrY	5000355	5000357	cg02494853	+	hypermethylated
